"Whisky","Meta Critic","STDEV","#","Cost","Class","Super Cluster","Cluster","Country","Type"
"1792 Ridgemont Reserve Bourbon","8.75","0.32","12","$$","Bourbon-like","","","USA","Bourbon"
"66 Gilead Crimson Rye","8.35","0.56","4","$$$$","Rye-like","","","Canada","Blend"
"66 Gilead The Wild Oak","8.07","0.7","4","$$$","Rye-like","","","Canada","Blend"
"8 Seconds","7.59","0.51","4","$$","Rye-like","","","Canada","Blend"
"Aberfeldy 12yo","8.17","0.29","13","$$$","SingleMalt-like","EF","E","Scotland","Malt"
"Aberfeldy 21yo","8.78","0.19","9","$$$$$","SingleMalt-like","EF","E","Scotland","Malt"
"Aberlour 10yo","8.26","0.45","12","$$","SingleMalt-like","ABC","C","Scotland","Malt"
"Aberlour 12yo Double Cask Matured","8.38","0.18","10","$$$","SingleMalt-like","ABC","B","Scotland","Malt"
"Aberlour 12yo Non-Chill-Filtered","8.77","0.23","9","$$$","SingleMalt-like","ABC","B","Scotland","Malt"
"Aberlour 16yo Double Cask Matured","8.75","0.18","10","$$$$","SingleMalt-like","ABC","A","Scotland","Malt"
"Aberlour 18yo","8.79","0.29","10","$$$$","SingleMalt-like","ABC","A","Scotland","Malt"
"Aberlour A'Bunadh (all batches)","9","0.22","20","$$$$","SingleMalt-like","ABC","A","Scotland","Malt"
"Aberlour A'Bunadh (Batch 30)","9","0.18","6","$$$$","SingleMalt-like","ABC","A","Scotland","Malt"
"Aberlour A'Bunadh (Batch 32)","8.91","0.74","4","$$$$","SingleMalt-like","ABC","A","Scotland","Malt"
"Aberlour A'Bunadh (Batch 33)","9.2","0.15","5","$$$$","SingleMalt-like","ABC","A","Scotland","Malt"
"Aberlour A'Bunadh (Batch 34)","8.95","0.34","5","$$$$","SingleMalt-like","ABC","A","Scotland","Malt"
"Aberlour A'Bunadh (Batch 35)","9.05","0.24","5","$$$$","SingleMalt-like","ABC","A","Scotland","Malt"
"Aberlour A'Bunadh (Batch 36)","9.04","0.51","4","$$$$","SingleMalt-like","ABC","A","Scotland","Malt"
"Aberlour A'Bunadh (Batch 37)","9.15","0.07","3","$$$$","SingleMalt-like","ABC","A","Scotland","Malt"
"Aberlour A'Bunadh (Batch 38)","8.68","0.18","3","$$$$","SingleMalt-like","ABC","A","Scotland","Malt"
"Aberlour A'Bunadh (Batch 39)","9.13","0.24","6","$$$$","SingleMalt-like","ABC","A","Scotland","Malt"
"Aberlour A'Bunadh (Batch 40)","9.15","0.19","4","$$$$","SingleMalt-like","ABC","A","Scotland","Malt"
"Aberlour A'Bunadh (Batch 42)","8.83","0.13","3","$$$$","SingleMalt-like","ABC","A","Scotland","Malt"
"Aberlour A'Bunadh (Batch 45)","9.03","0.32","4","$$$$","SingleMalt-like","ABC","A","Scotland","Malt"
"Aberlour A'Bunadh (Batch 47)","8.94","0.4","6","$$$$","SingleMalt-like","ABC","A","Scotland","Malt"
"Aberlour A'Bunadh (Batch 48)","8.83","0.58","4","$$$$","SingleMalt-like","ABC","A","Scotland","Malt"
"Aberlour A'Bunadh (Batch 49)","9.25","0.07","6","$$$$","SingleMalt-like","ABC","A","Scotland","Malt"
"Aberlour A'Bunadh (Batch 50)","8.75","0.39","7","$$$$","SingleMalt-like","ABC","A","Scotland","Malt"
"Alberta Premium","8.24","0.59","10","$","Rye-like","","","Canada","Blend"
"Alberta Premium Dark Horse","8.65","0.37","13","$","Rye-like","","","Canada","Blend"
"Alberta Springs 10yo","8.33","0.5","8","$","Rye-like","","","Canada","Blend"
"Amrut Fusion","8.94","0.27","18","$$$$","SingleMalt-like","EF","E","India","Malt"
"Amrut Peated Single Malt","8.76","0.35","9","$$$$","SingleMalt-like","J","J","India","Malt"
"Amrut Peated Single Malt Cask Strength","9.24","0.26","7","$$$$","SingleMalt-like","J","J","India","Malt"
"Amrut Portonova","9.06","0.38","11","$$$$","SingleMalt-like","ABC","C","India","Malt"
"Amrut Portpipe Peated Single Cask (2009/2013)","8.68","0.48","5","$$$$","SingleMalt-like","J","J","India","Malt"
"Amrut Single Cask Bourbon","8.74","0.36","9","$$$$","SingleMalt-like","EF","E","India","Malt"
"Amrut Single Malt","8.4","0.49","12","$$$","SingleMalt-like","GH","G","India","Malt"
"Ancient Age 10yo Kentucky Straight Bourbon","8.68","0.47","3","$","Bourbon-like","","","USA","Bourbon"
"Ancient Age Kentucky Straight Bourbon","7.64","0.68","6","$","Bourbon-like","","","USA","Bourbon"
"AnCnoc 12yo","8.67","0.38","15","$$$","SingleMalt-like","GH","H","Scotland","Malt"
"AnCnoc 16yo","8.67","0.37","10","$$$$","SingleMalt-like","GH","G","Scotland","Malt"
"AnCnoc 22yo","8.83","0.26","7","$$$$$","SingleMalt-like","ABC","C","Scotland","Malt"
"AnCnoc Flaughter","8.73","0.29","8","$$$$","SingleMalt-like","J","J","Scotland","Malt"
"AnCnoc Peter Arkle (all releases)","8.48","0.34","6","$$$$","SingleMalt-like","GH","G","Scotland","Malt"
"AnCnoc Rutter","9.03","0.29","6","$$$$","SingleMalt-like","J","J","Scotland","Malt"
"Angel's Envy Bourbon","8.51","0.5","9","$$$","Bourbon-like","","","USA","Bourbon"
"Angel's Envy Cask Strength","8.88","0.35","5","$$$$$+","Bourbon-like","","","USA","Bourbon"
"Angel’s Envy Rye Whiskey (Rum-Finished)","8.75","0.68","6","$$$$","Bourbon-like","","","USA","Bourbon"
"Ardbeg 10yo","9.03","0.34","19","$$$","SingleMalt-like","J","J","Scotland","Malt"
"Ardbeg Alligator","9.1","0.14","12","$$$$$+","SingleMalt-like","J","J","Scotland","Malt"
"Ardbeg Ardbog The Ultimate","9.08","0.48","15","$$$$$","SingleMalt-like","J","J","Scotland","Malt"
"Ardbeg Auriverdes","9","0.31","13","$$$$$","SingleMalt-like","J","J","Scotland","Malt"
"Ardbeg Corryvreckan","9.22","0.26","15","$$$$","SingleMalt-like","J","J","Scotland","Malt"
"Ardbeg Galileo","8.59","0.51","12","$$$$$+","SingleMalt-like","ABC","C","Scotland","Malt"
"Ardbeg Perpetuum","8.91","0.33","12","$$$$$","SingleMalt-like","J","J","Scotland","Malt"
"Ardbeg Supernova 2014","9.11","0.32","12","$$$$$+","SingleMalt-like","J","J","Scotland","Malt"
"Ardbeg Supernova 2015","9.15","0.34","5","$$$$$+","SingleMalt-like","J","J","Scotland","Malt"
"Ardbeg Uigeadail","9.25","0.45","18","$$$$","SingleMalt-like","J","J","Scotland","Malt"
"Ardmore Traditional Cask","8.58","0.19","17","$$$","SingleMalt-like","I","I","Scotland","Malt"
"Arran Machrie Moor Peated (all editions)","7.91","0.63","10","$$$$","SingleMalt-like","I","I","Sweden","Malt"
"Arran Malt 10yo","8.58","0.35","18","$$$","SingleMalt-like","GH","G","Scotland","Malt"
"Arran Malt 12yo Cask Strength (all editions)","8.6","0.48","10","$$$$","SingleMalt-like","GH","G","Sweden","Malt"
"Arran Malt 14yo","8.72","0.29","17","$$$$","SingleMalt-like","GH","G","Scotland","Malt"
"Arran Malt 17yo","8.86","0.26","9","$$$$","SingleMalt-like","EF","E","Sweden","Malt"
"Arran Malt 18yo","8.91","0.36","8","$$$$$","SingleMalt-like","EF","E","Sweden","Malt"
"Arran Malt Amarone Cask Finish","8.83","0.4","8","$$$","SingleMalt-like","ABC","B","Scotland","Malt"
"Arran Malt Madeira Wine Cask","8.62","0.45","10","$$$$","SingleMalt-like","ABC","C","Scotland","Malt"
"Arran Malt Port Cask Finish","8.59","0.41","10","$$$","SingleMalt-like","ABC","C","Scotland","Malt"
"Arran Malt Sauternes Finish","8.51","0.35","9","$$$","SingleMalt-like","EF","E","Scotland","Malt"
"Arran Malt Sherry Cask","8.22","0.53","10","$$$$$","SingleMalt-like","ABC","C","Scotland","Malt"
"Arran Robert Burns Single Malt","8.17","0.63","6","$$","SingleMalt-like","EF","F","Scotland","Malt"
"Auchentoshan 10yo","7.83","0.33","9","$$$","SingleMalt-like","GH","H","Scotland","Malt"
"Auchentoshan 12yo","8.32","0.27","19","$$$","SingleMalt-like","EF","E","Scotland","Malt"
"Auchentoshan 18yo","8.44","0.3","10","$$$$$","SingleMalt-like","EF","E","Scotland","Malt"
"Auchentoshan 21yo","8.75","0.34","10","$$$$$","SingleMalt-like","EF","E","Scotland","Malt"
"Auchentoshan American Oak","7.5","0.93","6","$$","SingleMalt-like","GH","H","Scotland","Malt"
"Auchentoshan Classic","7.92","0.39","7","$$","SingleMalt-like","GH","H","Scotland","Malt"
"Auchentoshan Three Wood","8.23","0.44","19","$$$$","SingleMalt-like","ABC","A","Scotland","Malt"
"Auchentoshan Valinch","8.2","0.74","9","$$$","SingleMalt-like","GH","H","Scotland","Malt"
"Auchentoshan Virgin Oak","8.22","0.59","7","$$$$","SingleMalt-like","GH","H","Scotland","Malt"
"Auchroisk 10yo (F&F)","8.11","0.14","4","$$$","SingleMalt-like","EF","E","Scotland","Malt"
"Aultmore 12yo","8.37","0.17","5","$$$$","SingleMalt-like","GH","H","Scotland","Malt"
"Bain's Cape Mountain Whisky","8.03","0.4","5","$$","Scotch-like","","","South Africa","Grain"
"Baker’s Kentucky Straight Bourbon 7yo","8.85","0.32","13","$$$","Bourbon-like","","","USA","Bourbon"
"Balblair 1989","8.58","0.43","9","$$$$$","SingleMalt-like","ABC","C","Scotland","Malt"
"Balblair 2000","8.38","0.33","9","$$$$","SingleMalt-like","GH","H","Scotland","Malt"
"Balcones Baby Blue","8.42","0.61","9","$$$$","Bourbon-like","","","USA","Whiskey"
"Balcones Texas Single Malt Whisky","8.81","0.24","8","$$$$","SingleMalt-like","EF","E","USA","Malt"
"Ballantine's 17yo","8.77","0.34","12","$$$$","Scotch-like","","","Scotland","Blend"
"Ballantine's Finest","7.6","0.65","11","$","Scotch-like","","","Scotland","Blend"
"Balvenie 12yo Doublewood","8.46","0.37","17","$$$$","SingleMalt-like","ABC","A","Scotland","Malt"
"Balvenie 12yo Single Barrel","8.7","0.41","8","$$$$","SingleMalt-like","EF","E","Scotland","Malt"
"Balvenie 12yo Triple Cask","8.24","0.44","6","$$$$","SingleMalt-like","ABC","A","Scotland","Malt"
"Balvenie 14yo Carribean Cask","8.51","0.42","12","$$$$","SingleMalt-like","EF","F","Scotland","Malt"
"Balvenie 15yo Single Barrel (Cask)","8.89","0.27","17","$$$$","SingleMalt-like","GH","G","Scotland","Malt"
"Balvenie 16yo Triple Cask","8.66","0.28","8","$$$$","SingleMalt-like","ABC","A","Scotland","Malt"
"Balvenie 17yo Doublewood","8.72","0.27","9","$$$$$","SingleMalt-like","ABC","C","Scotland","Malt"
"Balvenie 21yo Port Wood","8.76","0.41","12","$$$$$","SingleMalt-like","ABC","A","Scotland","Malt"
"Balvenie TUN 1401 (all 8 batches)","9.19","0.33","13","$$$$$+","SingleMalt-like","ABC","A","Scotland","Malt"
"Balvenie TUN 1509 (both batches)","9.06","0.24","8","$$$$$+","SingleMalt-like","ABC","B","Scotland","Malt"
"Bank Note 5yo Blended Scotch","8.26","0.62","4","$","Scotch-like","","","Scotland","Blend"
"Basil Hayden’s Kentucky Bourbon","8.45","0.29","10","$$$","Bourbon-like","","","USA","Bourbon"
"Bell's Original Scotch Whisky","7.48","0.79","6","$","Scotch-like","","","Scotland","Blend"
"Ben Nevis 10yo","8.17","0.46","11","$$$","SingleMalt-like","ABC","C","Scotland","Malt"
"BenRiach 10yo","8.6","0.13","4","$$$","SingleMalt-like","GH","G","Scotland","Malt"
"BenRiach 10yo Curiositas","8.6","0.32","15","$$$","SingleMalt-like","I","I","Scotland","Malt"
"BenRiach 12yo","8.41","0.3","12","$$$","SingleMalt-like","GH","G","Scotland","Malt"
"BenRiach 12yo Matured in Sherry Wood","8.72","0.25","10","$$$","SingleMalt-like","ABC","B","Scotland","Malt"
"BenRiach 15yo Tawny Port Finish","8.53","0.23","10","$$$$","SingleMalt-like","ABC","C","Scotland","Malt"
"BenRiach 17yo Septendecim Peated","8.55","0.59","16","$$$$","SingleMalt-like","J","J","Scotland","Malt"
"BenRiach 17yo Solstice 1st Peated Port Finish","8.93","0.25","3","$$$$","SingleMalt-like","ABC","C","Scotland","Malt"
"BenRiach 17yo Solstice 2nd Peated Port Finish","8.9","0.51","9","$$$$","SingleMalt-like","ABC","C","Scotland","Malt"
"BenRiach 17yo Solstice Peated Port (both editions)","8.94","0.34","9","$$$$","SingleMalt-like","ABC","C","Scotland","Malt"
"BenRiach 18yo Dunder","8.74","0.23","4","$$$$$","SingleMalt-like","J","J","Scotland","Malt"
"BenRiach 20yo","8.25","0.77","9","$$$$$","SingleMalt-like","GH","G","Scotland","Malt"
"BenRiach 25yo","8.82","0.5","12","$$$$$+","SingleMalt-like","EF","E","Scotland","Malt"
"BenRiach Birnie Moss","8.28","0.4","9","$$$","SingleMalt-like","I","I","Scotland","Malt"
"Benrinnes 15yo F&F","7.91","0.8","4","$$$$","SingleMalt-like","ABC","C","Scotland","Malt"
"Benromach 10yo","8.74","0.3","17","$$$","SingleMalt-like","I","I","Scotland","Malt"
"Benromach Peat Smoke","8.49","0.27","11","$$$$","SingleMalt-like","J","J","Scotland","Malt"
"Bernheim Original Straight Wheat","8.36","0.59","15","$$","Bourbon-like","","","USA","Wheat"
"Bernheim Original Straight Wheat 7yo Small Batch","8.57","0.6","3","$$","Bourbon-like","","","USA","Wheat"
"Big Peat (Douglas Laing)","8.85","0.22","13","$$$$","SingleMalt-like","I","I","Scotland","Malt"
"Big Peat Christmas Edition (2012-2015)","8.88","0.14","8","$$$$","SingleMalt-like","J","J","Scotland","Malt"
"Black Bottle (after 2013 re-launch)","7.71","0.41","9","$$","Scotch-like","","","Scotland","Blend"
"Black Bottle (pre-2013)","8.3","0.5","11","$$","Scotch-like","","","Scotland","Blend"
"Black Grouse","8","0.51","18","$$","Scotch-like","","","Scotland","Blend"
"Black Velvet 3yo","7.93","0.78","8","$","Rye-like","","","Canada","Blend"
"Black Velvet Deluxe","7.16","0.8","7","$","Rye-like","","","Canada","Blend"
"Blair Athol 12yo (F&F)","8.41","0.56","6","$$$","SingleMalt-like","ABC","C","Scotland","Malt"
"Blanton's Gold Kentucky Straight Bourbon","8.67","0.52","9","$$$$","Bourbon-like","","","USA","Bourbon"
"Blanton's Single Barrel Bourbon","8.63","0.34","15","$$$","Bourbon-like","","","USA","Bourbon"
"Booker's Small Batch Straight Bourbon","8.92","0.27","12","$$$","Bourbon-like","","","USA","Bourbon"
"Bowmore 12yo","8.41","0.25","14","$$$","SingleMalt-like","I","I","Scotland","Malt"
"Bowmore 15 Darkest","8.6","0.36","17","$$$$","SingleMalt-like","ABC","C","Scotland","Malt"
"Bowmore 15 Laimrig","9.05","0.18","11","$$$$","SingleMalt-like","ABC","C","Scotland","Malt"
"Bowmore 18yo","8.57","0.47","14","$$$$","SingleMalt-like","I","I","Scotland","Malt"
"Bowmore 25yo","8.96","0.48","8","$$$$$+","SingleMalt-like","ABC","C","Scotland","Malt"
"Bowmore Small Batch","8.45","0.32","9","$$$","SingleMalt-like","I","I","Scotland","Malt"
"Bowmore Tempest 10yo","8.84","0.22","16","$$$$","SingleMalt-like","I","I","Scotland","Malt"
"Brora 21yo","8.79","0.48","3","$$$$$+","SingleMalt-like","J","J","Scotland","Malt"
"Brora 30yo","9.36","0.22","15","$$$$$+","SingleMalt-like","J","J","Scotland","Malt"
"Brora 35yo","9.52","0.42","7","$$$$$+","SingleMalt-like","J","J","Scotland","Malt"
"Bruichladdich Black Art 4 1990","8.45","0.62","4","$$$$$+","SingleMalt-like","EF","E","Scotland","Malt"
"Bruichladdich Laddie Classic","8.45","0.61","6","$$$","SingleMalt-like","GH","G","Scotland","Malt"
"Bruichladdich Laddie Ten","8.87","0.36","12","$$$","SingleMalt-like","I","I","Scotland","Malt"
"Bruichladdich Octomore 6.1","8.73","0.28","10","$$$$$","SingleMalt-like","J","J","Scotland","Malt"
"Bruichladdich Octomore 7.1","9.02","0.39","4","$$$$$","SingleMalt-like","J","J","Scotland","Malt"
"Bruichladdich Port Charlotte 10yo Heavily Peated","8.75","0.23","4","$$$$","SingleMalt-like","I","I","Scotland","Malt"
"Bruichladdich Port Charlotte An Turas Mor","8.82","0.34","9","$$$$","SingleMalt-like","I","I","Scotland","Malt"
"Bruichladdich Port Charlotte PC10 Tro Na Linntean","9.01","0.54","6","$$$$$+","SingleMalt-like","I","I","Scotland","Malt"
"Bruichladdich Port Charlotte Scottish Barley","8.85","0.26","12","$$$$","SingleMalt-like","I","I","Scotland","Malt"
"Bruichladdich Port Charlotte The Peat Project","8.65","0.3","5","$$$$","SingleMalt-like","J","J","Scotland","Malt"
"Buffalo Trace Bourbon","8.58","0.46","17","$$","Bourbon-like","","","USA","Bourbon"
"Bulleit 10yo","8.57","0.47","8","$$$","Bourbon-like","","","USA","Bourbon"
"Bulleit Bourbon","8.44","0.42","15","$$","Bourbon-like","","","USA","Bourbon"
"Bulleit Rye","8.24","0.72","14","$$","Rye-like","","","USA","Rye"
"Bunnahabhain 12yo","8.56","0.41","11","$$$","SingleMalt-like","EF","F","Scotland","Malt"
"Bunnahabhain 18yo","8.9","0.36","11","$$$$$","SingleMalt-like","ABC","C","Scotland","Malt"
"Bunnahabhain 25yo","8.91","0.28","11","$$$$$+","SingleMalt-like","ABC","A","Scotland","Malt"
"Bunnahabhain Ceòbanach","8.79","0.32","8","$$$$","SingleMalt-like","J","J","Scotland","Malt"
"Bunnahabhain Toiteach","8.56","0.43","11","$$$$","SingleMalt-like","J","J","Scotland","Malt"
"Bushmills 10yo Single Malt","8.2","0.3","15","$$$","SingleMalt-like","GH","G","Ireland","Malt"
"Bushmills 16yo Single Malt","8.49","0.52","15","$$$$","SingleMalt-like","ABC","B","Ireland","Malt"
"Bushmills 21yo Single Malt","8.96","0.33","11","$$$$$","SingleMalt-like","ABC","C","Ireland","Malt"
"Bushmills Black Bush","8.38","0.44","18","$$","Scotch-like","","","Ireland","Blend"
"Bushmills Original Blended","7.74","0.45","12","$$","Scotch-like","","","Ireland","Blend"
"Canada Gold","8.08","0.72","5","$","Rye-like","","","Canada","Blend"
"Canadian Club (Premium)","7.29","0.87","13","$","Rye-like","","","Canada","Blend"
"Canadian Club 100% Rye","8.55","0.43","9","$","Rye-like","","","Canada","Rye"
"Canadian Club 20yo","8.69","0.33","9","$$$","Rye-like","","","Canada","Blend"
"Canadian Club 30yo","9.06","0.18","6","$$$$$","Rye-like","","","Canada","Blend"
"Canadian Club Classic 12yo (Small Batch)","8.22","0.35","12","$","Rye-like","","","Canada","Blend"
"Canadian Club Reserve 10yo","8.39","0.67","9","$$","Rye-like","","","Canada","Blend"
"Canadian Club Reserve 9yo","8","0.47","5","$","Rye-like","","","Canada","Blend"
"Canadian Club Sherry Cask","8.22","0.63","8","$$","Rye-like","","","Canada","Blend"
"Canadian Mist","7.62","0.67","11","$","Rye-like","","","Canada","Blend"
"Canadian Mist Black Diamond","8.07","0.54","6","$","Rye-like","","","Canada","Blend"
"Canadian Rockies 21yo (Batch 1/2)","8.89","0.22","3","$$","Rye-like","","","Canada","Blend"
"Caol Ila 12yo","8.74","0.2","15","$$$$","SingleMalt-like","I","I","Scotland","Malt"
"Caol Ila 18yo","8.66","0.54","13","$$$$$","SingleMalt-like","I","I","Scotland","Malt"
"Caol Ila 30yo","9.34","0.25","8","$$$$$+","SingleMalt-like","I","I","Scotland","Malt"
"Caol Ila Distiller's Edition (all editions)","8.74","0.39","10","$$$$","SingleMalt-like","J","J","Scotland","Malt"
"Cardhu 12yo","8.13","0.49","17","$$$","SingleMalt-like","GH","H","Scotland","Malt"
"Cardhu Amber Rock","8.29","0.29","4","$$$","SingleMalt-like","GH","H","Scotland","Malt"
"Caribou Crossing Single Barrel","8.6","0.46","10","$$$$","Rye-like","","","Canada","Blend"
"Catto's Rare Old","8.13","0.73","5","$","Scotch-like","","","Scotland","Blend"
"Centennial 10yo","8.42","0.34","6","$","Rye-like","","","Canada","Blend"
"Century Reserve 21yo","8.78","0.21","9","$$","Rye-like","","","Canada","Blend"
"Century Reserve Lot 15/25","8.37","0.89","5","$","Rye-like","","","Canada","Blend"
"Chivas Regal 12yo","7.77","0.45","19","$$","Scotch-like","","","Scotland","Blend"
"Chivas Regal 18yo","8.21","0.55","12","$$$$","Scotch-like","","","Scotland","Blend"
"Chivas Regal 25yo","8.74","0.22","7","$$$$$+","Scotch-like","","","Scotland","Blend"
"Chivas Royal Salute 21yo","8.57","0.65","7","$$$$$","Scotch-like","","","Scotland","Blend"
"Clynelish 14yo","8.81","0.26","13","$$$$","SingleMalt-like","EF","F","Scotland","Malt"
"Collingwood","8.03","0.34","8","$$","Rye-like","","","Canada","Blend"
"Collingwood 21yo","8.69","0.46","8","$$$","Rye-like","","","Canada","Blend"
"Colonel E.H. Taylor Straight Rye","8.8","0.49","3","$$$$","Rye-like","","","USA","Rye"
"Colonel EH Taylor Barrel Proof","8.77","0.22","4","$$$$","Bourbon-like","","","USA","Bourbon"
"Colonel EH Taylor Single Barrel","9.02","0.12","3","$$$$","Bourbon-like","","","USA","Bourbon"
"Colonel EH Taylor Small Batch (BiB)","8.58","0.32","9","$$$$","Bourbon-like","","","USA","Bourbon"
"Compass Box Asyla","8.24","0.51","9","$$$","Scotch-like","","","Scotland","Blend"
"Compass Box Flaming Heart","8.95","0.39","16","$$$$$","SingleMalt-like","I","I","Scotland","Malt"
"Compass Box Great King St Artist's Blend","8.6","0.41","15","$$","Scotch-like","","","Scotland","Blend"
"Compass Box Great King St Glasgow Blend","8.57","0.27","10","$$$","Scotch-like","","","Scotland","Blend"
"Compass Box Hedonism","8.62","0.47","13","$$$$","Scotch-like","","","Scotland","Blend"
"Compass Box Hedonism Quindecimus","8.93","0.49","6","$$$$$","Scotch-like","","","Scotland","Blend"
"Compass Box Oak Cross","8.85","0.32","9","$$$","SingleMalt-like","EF","F","Scotland","Malt"
"Compass Box Orangerie","7.92","0.96","6","$$","Scotch-like","","","Scotland","Blend"
"Compass Box Peat Monster","8.68","0.32","15","$$$","SingleMalt-like","J","J","Scotland","Malt"
"Compass Box Spice Tree","8.82","0.34","15","$$$$","SingleMalt-like","EF","F","Scotland","Malt"
"Compass Box The Lost Blend","9.03","0.27","9","$$$$$","SingleMalt-like","I","I","Scotland","Malt"
"Compass Box This is Not a Luxury Whisky","8.79","0.41","7","$$$$$","SingleMalt-like","ABC","C","Scotland","Malt"
"Connemara Peated Single Malt","8.19","0.38","14","$$$","SingleMalt-like","I","I","Ireland","Malt"
"Connemara Turf Mor","8.77","0.47","11","$$$$","SingleMalt-like","J","J","Ireland","Malt"
"Corner Creek Reserve Bourbon Whiskey","8.69","0.4","6","$$","Bourbon-like","","","USA","Bourbon"
"Coyote Ugly","8.09","0.51","5","$","Rye-like","","","Canada","Blend"
"Cragganmore 12yo","8.33","0.39","13","$$$$","SingleMalt-like","EF","E","Scotland","Malt"
"Cragganmore 25yo","9.11","0.05","3","$$$$$+","SingleMalt-like","EF","E","Scotland","Malt"
"Craigellachie 13yo","8.46","0.36","10","$$$","SingleMalt-like","GH","G","Scotland","Malt"
"Craigellachie 14yo","8.31","0.29","5","$$$$$+","SingleMalt-like","EF","F","Scotland","Malt"
"Craigellachie 17yo","8.58","0.31","6","$$$$$","SingleMalt-like","EF","E","Scotland","Malt"
"Crown Royal Black","8.24","0.53","15","$$","Rye-like","","","Canada","Blend"
"Crown Royal Hand Selected Barrel","8.81","0.27","7","$$$","Rye-like","","","Canada","Blend"
"Crown Royal Limited Edition","8.3","0.21","10","$$","Rye-like","","","Canada","Blend"
"Crown Royal Monarch 75th Anniversary","8.89","0.52","7","$$$","Rye-like","","","Canada","Blend"
"Crown Royal Northern Harvest Rye","8.72","0.42","11","$$","Rye-like","","","Canada","Blend"
"Crown Royal Reserve","8.65","0.76","11","$$$","Rye-like","","","Canada","Blend"
"Crown Royal whisky","7.6","0.53","13","$","Rye-like","","","Canada","Blend"
"Crown Royal XO","8.78","0.35","5","$$$","Rye-like","","","Canada","Blend"
"Cutty Sark","7.54","0.4","10","$","Scotch-like","","","Scotland","Blend"
"Dalmore 12yo","8.51","0.24","14","$$$","SingleMalt-like","EF","E","Scotland","Malt"
"Dalmore 15yo","8.38","0.57","14","$$$$","SingleMalt-like","ABC","C","Scotland","Malt"
"Dalmore Cigar Malt Reserve","8.24","0.7","10","$$$$$","SingleMalt-like","ABC","C","Scotland","Malt"
"Dalmore Valour","8.04","0.38","7","$$$$","SingleMalt-like","EF","E","Scotland","Malt"
"Dalwhinnie 15yo","8.71","0.38","15","$$$$","SingleMalt-like","GH","H","Scotland","Malt"
"Danfield's 21yo","8.68","0.51","11","$$","Rye-like","","","Canada","Blend"
"Deanston 12yo","8.06","0.47","12","$$$","SingleMalt-like","EF","F","Scotland","Malt"
"Deanston Virgin Oak","8.22","0.48","9","$$","SingleMalt-like","GH","H","Scotland","Malt"
"Deveron 12yo (Macduff)","7.99","0.86","3","$$$$","SingleMalt-like","EF","E","Scotland","Malt"
"Dewar's White Label","7.63","0.73","12","$$","Scotch-like","","","Scotland","Blend"
"Dufftown Singleton of Dufftown 12yo","8","0.61","8","$$","SingleMalt-like","EF","E","Scotland","Malt"
"Eagle Rare 17yo","8.82","0.43","9","$$$$$+","Bourbon-like","","","USA","Bourbon"
"Eagle Rare Single Barrel 10yo","8.53","0.38","15","$$","Bourbon-like","","","USA","Bourbon"
"Edradour 10yo","8.26","0.43","10","$$$","SingleMalt-like","EF","E","Scotland","Malt"
"Elements of Islay ""Peat""","9.02","0.26","3","$$$","SingleMalt-like","I","I","Scotland","Malt"
"Elijah Craig 12yo","8.74","0.31","17","$$","Bourbon-like","","","USA","Bourbon"
"Elijah Craig 12yo Barrel Proof","8.88","0.31","6","$$$$","Bourbon-like","","","USA","Bourbon"
"Elijah Craig 18yo","8.86","0.4","9","$$$$$","Bourbon-like","","","USA","Bourbon"
"Elijah Craig 21yo","9.26","0.17","3","$$$$$+","Bourbon-like","","","USA","Bourbon"
"Ellington Reserve 8yo","6.92","1.06","4","$","Rye-like","","","Canada","Blend"
"Elmer T. Lee Single Barrel Bourbon","8.77","0.49","10","$$","Bourbon-like","","","USA","Bourbon"
"Evan Williams (Black Label)","8.23","0.46","11","$","Bourbon-like","","","USA","Bourbon"
"Evan Williams 1783 Small Batch","8.1","0.51","3","$","Bourbon-like","","","USA","Bourbon"
"Evan Williams Bottled in Bond (White label)","8.14","0.61","5","$","Bourbon-like","","","USA","Bourbon"
"Evan Williams Single Barrel","8.79","0.29","12","$$","Bourbon-like","","","USA","Bourbon"
"Famous Grouse","7.62","0.63","16","$","Scotch-like","","","Scotland","Blend"
"Famous Grouse Gold Reserve","8.61","0.34","6","$$","Scotch-like","","","Scotland","Blend"
"Famous Jubilee","8.21","0.27","3","$$","Scotch-like","","","Scotland","Blend"
"Fettercairn Fior","8.57","0.39","3","$$$","SingleMalt-like","I","I","Scotland","Malt"
"FEW Bourbon","8.64","0.24","5","$$$","Bourbon-like","","","USA","Bourbon"
"FEW Rye Whisky","8.28","0.86","7","$$$$","Rye-like","","","USA","Rye"
"FEW Single Malt","8.47","0.54","6","$$$$","SingleMalt-like","GH","G","USA","Malt"
"Finlaggan Old Reserve","8.47","0.57","12","$$","SingleMalt-like","J","J","Scotland","Malt"
"Forty Creek Barrel Select","8.6","0.44","12","$","Rye-like","","","Canada","Blend"
"Forty Creek Confederation Oak (All Batches)","8.98","0.33","16","$$$","Rye-like","","","Canada","Blend"
"Forty Creek Confederation Oak (Batch A, B)","8.98","0.38","15","$$$","Rye-like","","","Canada","Blend"
"Forty Creek Confederation Oak (Batch C, D)","9.02","0.35","3","$$$","Rye-like","","","Canada","Blend"
"Forty Creek Copper Pot Reserve","8.71","0.41","12","$","Rye-like","","","Canada","Blend"
"Forty Creek Double Barrel Reserve","8.8","0.38","11","$$$","Rye-like","","","Canada","Blend"
"Forty Creek Evolution","8.93","0.67","6","$$$","Rye-like","","","Canada","Blend"
"Forty Creek Heart of Gold","8.83","0.44","7","$$$$","Rye-like","","","Canada","Blend"
"Forty Creek Port Wood Reserve 2011/2012","8.83","0.3","8","$$$$","Rye-like","","","Canada","Blend"
"Forty Creek Three Grain Harmony","8.24","0.71","4","$$$","Rye-like","","","Canada","Blend"
"Four Roses (Yellow Label)","8.32","0.25","8","$","Bourbon-like","","","USA","Bourbon"
"Four Roses Single Barrel Bourbon","8.74","0.38","16","$$$","Bourbon-like","","","USA","Bourbon"
"Four Roses Small Batch Bourbon","8.42","0.41","10","$$","Bourbon-like","","","USA","Bourbon"
"Four Roses Small Batch Limited Edition","9.25","0.14","9","$$$$$+","Bourbon-like","","","USA","Bourbon"
"George Dickel No.12","8.28","0.43","12","$$","Bourbon-like","","","USA","Bourbon"
"George Dickel Rye","8.48","0.24","8","$$","Rye-like","","","USA","Rye"
"George T Stagg","9.24","0.29","16","$$$$$+","Bourbon-like","","","USA","Bourbon"
"Gibson's Finest 12yo","8.02","0.83","10","$","Rye-like","","","Canada","Blend"
"Gibson's Finest Rare 18yo","9.11","0.37","10","$$$$","Rye-like","","","Canada","Blend"
"Gibson's Finest Sterling","8.05","0.45","8","$","Rye-like","","","Canada","Blend"
"Glen Breton 10yo","8.11","0.48","11","$$$$","SingleMalt-like","GH","G","Canada","Malt"
"Glen Breton 14yo","8.07","0.67","6","$$$$","SingleMalt-like","GH","G","Canada","Malt"
"Glen Breton 21yo","8.3","0.48","3","$$$$","SingleMalt-like","EF","E","Canada",""
"Glen Breton Battle of the Glen 15yo","8.57","0.31","6","$$$$$","SingleMalt-like","GH","G","Canada","Malt"
"Glen Deveron 10yo (Macduff)","7.94","0.42","5","$$","SingleMalt-like","EF","E","Scotland","Malt"
"Glen Elgin 12yo","8.43","0.25","11","$$$$","SingleMalt-like","EF","E","Scotland","Malt"
"Glen Garioch 12yo","8.66","0.35","12","$$$$","SingleMalt-like","EF","F","Scotland","Malt"
"Glen Garioch 1995","8.96","0.43","6","$$$$","SingleMalt-like","I","I","Scotland","Malt"
"Glen Garioch Founder's Reserve","8.32","0.44","13","$$$","SingleMalt-like","GH","G","Scotland","Malt"
"Glen Grant 10yo","8.44","0.51","5","$$$","SingleMalt-like","GH","H","Scotland","Malt"
"Glen Moray 12yo","7.79","0.52","11","$$","SingleMalt-like","GH","G","Scotland","Malt"
"Glen Moray Classic","7.96","0.24","5","$","SingleMalt-like","GH","G","Scotland","Malt"
"Glen Ord Singleton of Glen Ord 12yo","8.34","0.13","3","","SingleMalt-like","EF","E","Scotland","Malt"
"Glen Scotia 12yo","8.21","0.64","5","$$$$","SingleMalt-like","I","I","Scotland","Malt"
"Glen Spey 12yo (F&F)","8","0.56","4","$$$","SingleMalt-like","GH","H","Scotland","Malt"
"Glenburgie 10yo (Gordon & MacPhail)","7.96","0.45","7","$$$","SingleMalt-like","EF","F","Scotland","Malt"
"Glencadam 10yo","8.46","0.52","9","$$$","SingleMalt-like","GH","H","Scotland","Malt"
"Glencadam 21yo","8.88","0.28","8","$$$$$","SingleMalt-like","GH","H","Scotland","Malt"
"Glendalough 7yo Single Malt Irish Whiskey","8.05","0.37","3","$$$","SingleMalt-like","GH","G","Ireland","Malt"
"GlenDronach 12yo Original","8.62","0.23","18","$$$","SingleMalt-like","ABC","A","Scotland","Malt"
"GlenDronach 12yo Sauternes Cask Finish","8.94","0.16","3","$$$$","SingleMalt-like","ABC","A","Scotland","Malt"
"GlenDronach 14yo Sauternes Cask Finish","8.39","0.41","6","$$$$","SingleMalt-like","ABC","A","Scotland","Malt"
"GlenDronach 14yo Virgin Oak","8.52","0.34","10","$$$$","SingleMalt-like","GH","G","Scotland","Malt"
"GlenDronach 15yo Revival","8.95","0.32","16","$$$$","SingleMalt-like","ABC","A","Scotland","Malt"
"GlenDronach 18yo Allardice","8.72","0.44","13","$$$$$","SingleMalt-like","ABC","A","Scotland","Malt"
"GlenDronach 18yo Tawny Port Finish","8.6","0.45","4","$$$$$","SingleMalt-like","ABC","A","Scotland","Malt"
"GlenDronach 8yo The Hielan","8.47","0.39","7","$$$","SingleMalt-like","EF","E","Scotland","Malt"
"GlenDronach Cask Strength (all four batches)","9.07","0.18","10","$$$$","SingleMalt-like","ABC","A","Scotland","Malt"
"GlenDronach Peated","8.37","0.24","3","$$$","SingleMalt-like","I","I","Scotland","Malt"
"Glendullan Singleton of Glendullan 12yo","8.03","0.49","11","$$$","SingleMalt-like","EF","E","Scotland","Malt"
"Glenfarclas 105 (NAS)","8.77","0.38","18","$$$$","SingleMalt-like","ABC","C","Scotland","Malt"
"Glenfarclas 10yo","8.36","0.37","10","$$$","SingleMalt-like","ABC","B","Scotland","Malt"
"Glenfarclas 12yo","8.63","0.39","14","$$$","SingleMalt-like","ABC","C","Scotland","Malt"
"Glenfarclas 15yo","8.68","0.27","12","$$$$","SingleMalt-like","ABC","B","Scotland","Malt"
"Glenfarclas 17yo","8.76","0.28","15","$$$$$","SingleMalt-like","ABC","B","Scotland","Malt"
"Glenfarclas 21yo","8.61","0.37","9","$$$$$","SingleMalt-like","ABC","B","Scotland","Malt"
"Glenfarclas 25yo","8.8","0.32","8","$$$$$","SingleMalt-like","ABC","C","Scotland","Malt"
"Glenfarclas 40yo","9.3","0.33","10","$$$$$+","SingleMalt-like","ABC","A","Scotland","Malt"
"Glenfiddich 12yo","8.09","0.26","21","$$$","SingleMalt-like","GH","G","Scotland","Malt"
"Glenfiddich 14yo Rich Oak","8.71","0.3","7","$$$","SingleMalt-like","EF","E","Scotland","Malt"
"Glenfiddich 15yo Distillers Edition","8.78","0.34","10","$$$$","SingleMalt-like","EF","E","Scotland","Malt"
"Glenfiddich 15yo Solera","8.6","0.26","17","$$$$","SingleMalt-like","ABC","A","Scotland","Malt"
"Glenfiddich 18yo","8.58","0.45","13","$$$$$","SingleMalt-like","EF","E","Scotland","Malt"
"Glenfiddich 1963 Original Malt","8.42","0.53","3","$$$$","SingleMalt-like","GH","G","Scotland","Malt"
"Glenfiddich 19yo Age of Discovery (Bourbon Cask)","8.81","0.37","6","$$$$$","SingleMalt-like","EF","E","Scotland","Malt"
"Glenfiddich 19yo Age of Discovery (Madeira Cask)","8.41","0.38","10","$$$$$","SingleMalt-like","ABC","A","Scotland","Malt"
"Glenfiddich 21yo Gran Reserva","8.74","0.33","11","$$$$$","SingleMalt-like","ABC","C","Scotland","Malt"
"Glenfiddich 26yo Excellence","8.75","0.51","6","$$$$$+","SingleMalt-like","GH","G","Scotland","Malt"
"Glenfiddich Cask of Dreams","8.8","0.28","6","$$$$$","SingleMalt-like","EF","F","Scotland","Malt"
"Glenfiddich Malt Master's Edition","8.3","0.33","7","$$$$","SingleMalt-like","ABC","A","Scotland","Malt"
"Glenglassaugh 26yo","8.54","0.56","5","$$$$$+","SingleMalt-like","ABC","A","Scotland","Malt"
"Glengoyne 10yo","8.24","0.35","11","$$$","SingleMalt-like","GH","G","Scotland","Malt"
"Glengoyne 12yo","8.54","0.43","9","$$$","SingleMalt-like","ABC","B","Scotland","Malt"
"Glengoyne 12yo Cask Strength","8.54","0.41","9","$$$$","SingleMalt-like","ABC","B","Scotland","Malt"
"Glengoyne 15yo","8.47","0.54","8","$$$$","SingleMalt-like","ABC","B","Scotland","Malt"
"Glengoyne 17yo","8.45","0.21","10","$$$$$","SingleMalt-like","EF","E","Scotland","Malt"
"Glengoyne 18yo","8.58","0.44","10","$$$$$","SingleMalt-like","ABC","C","Scotland","Malt"
"Glengoyne 21yo","8.87","0.22","12","$$$$$","SingleMalt-like","ABC","A","Scotland","Malt"
"Glengoyne Cask Strength","8.76","0.47","5","$$$$","SingleMalt-like","ABC","B","Scotland","Malt"
"Glengyle Work in Progress Kilkerran","8.42","0.12","3","$$$$","SingleMalt-like","GH","G","Scotland","Malt"
"Glenkinchie 12yo","8.28","0.19","11","$$$","SingleMalt-like","GH","G","Scotland","Malt"
"Glenkinchie Distiller's Edition (all editions)","8.38","0.3","11","$$$$","SingleMalt-like","GH","B","Scotland","Malt"
"Glenlivet 12yo","8.04","0.32","18","$$$","SingleMalt-like","EF","E","Scotland","Malt"
"Glenlivet 15yo French Oak","8.4","0.27","15","$$$$","SingleMalt-like","EF","F","Scotland","Malt"
"Glenlivet 18yo","8.6","0.19","17","$$$$$","SingleMalt-like","EF","E","Scotland","Malt"
"Glenlivet 21yo Archive (all batches)","8.88","0.33","11","$$$$$","SingleMalt-like","EF","E","Scotland","Malt"
"Glenlivet Founder's Reserve","7.94","0.47","9","$$","SingleMalt-like","EF","E","Scotland","Malt"
"Glenlivet Nadurra 16yo","8.89","0.19","19","$$$$","SingleMalt-like","ABC","C","Scotland","Malt"
"Glenlivet Nadurra First Fill (White Oak)","9.08","0.27","3","$$$$","SingleMalt-like","EF","E","Scotland","Malt"
"Glenlivet Nadurra Oloroso","8.18","0.66","6","$$$$","SingleMalt-like","ABC","A","Scotland","Malt"
"Glenlivet XXV 25yo","8.97","0.21","8","$$$$$+","SingleMalt-like","ABC","C","Scotland","Malt"
"Glenlossie 10yo (F&F)","8.16","0.34","8","$$$","SingleMalt-like","GH","G","Scotland","Malt"
"Glenmorangie 10yo ""Original""","8.49","0.48","21","$$$","SingleMalt-like","GH","G","Scotland","Malt"
"Glenmorangie 18yo ""Extremely Rare""","8.67","0.23","10","$$$$$","SingleMalt-like","EF","E","Scotland","Malt"
"Glenmorangie Dornoch","8.81","0.46","6","$$$$","SingleMalt-like","ABC","C","Scotland","Malt"
"Glenmorangie Duthac","8.59","0.29","7","$$$$","SingleMalt-like","ABC","C","Scotland","Malt"
"Glenmorangie Ealanta","8.89","0.34","11","$$$$$+","SingleMalt-like","EF","F","Scotland","Malt"
"Glenmorangie Lasanta","8.44","0.34","16","$$$","SingleMalt-like","ABC","A","Scotland","Malt"
"Glenmorangie Milsean","8.48","0.54","3","$$$$$","SingleMalt-like","ABC","A","Scotland","Malt"
"Glenmorangie Nectar d'Or","8.84","0.29","17","$$$$","SingleMalt-like","ABC","A","Scotland","Malt"
"Glenmorangie Quinta Ruban","8.58","0.53","19","$$$","SingleMalt-like","ABC","B","Scotland","Malt"
"Glenmorangie Signet","8.97","0.4","16","$$$$$","SingleMalt-like","ABC","C","Scotland","Malt"
"Glenmorangie Taghta","8.68","0.33","8","$$$$$","SingleMalt-like","ABC","C","Scotland","Malt"
"Glenmorangie Tusail","8.89","0.34","7","$$$$$","SingleMalt-like","GH","G","Scotland","Malt"
"Glenrothes Select Reserve","7.93","0.33","11","$$$","SingleMalt-like","EF","E","Scotland","Malt"
"Glenrothes Sherry Cask Reserve","8.09","0.87","7","$$$$","SingleMalt-like","ABC","A","Scotland","Malt"
"Glenrothes Vintage 1995 (2011/2012/2014 bottlings)","8.63","0.28","12","$$$$","SingleMalt-like","EF","E","Scotland","Malt"
"Glenrothes Vintage 1998 (2014)","8.33","0.64","9","$$$$","SingleMalt-like","EF","F","Scotland","Malt"
"Glenrothes Vintage Reserve (NAS)","8.69","0.28","3","$$$","SingleMalt-like","EF","E","Scotland","Malt"
"Glentauchers 1991 18yo (Gordon & MacPhail)","8.43","0.27","3","$$$$","SingleMalt-like","ABC","B","Scotland","Malt"
"Glenturret 10yo","8.17","0.51","10","$$","SingleMalt-like","GH","G","Scotland","Malt"
"Gooderham & Worts Four Grain","8.61","0.34","6","$$","Rye-like","","","Canada","Blend"
"Grant's Blended Sherry Cask","8.01","0.2","5","$","Scotch-like","","","Scotland","Blend"
"Grant's Family Reserve Blended","7.69","0.64","11","$","Scotch-like","","","Scotland","Blend"
"Green Spot","8.52","0.45","12","$$$","Scotch-like","","","Ireland","Blend"
"Hakushu 10yo","8.81","0.34","4","$$$","SingleMalt-like","GH","H","Japan","Malt"
"Hakushu 12yo","8.73","0.23","15","$$$$","SingleMalt-like","GH","H","Japan","Malt"
"Hakushu 18yo","8.83","0.29","7","$$$$$","SingleMalt-like","EF","F","Japan","Malt"
"Hakushu NAS","8.3","0.41","5","","SingleMalt-like","GH","H","Japan","Malt"
"Hakushu Sherry Cask","9.01","0.46","7","$$$$$+","SingleMalt-like","ABC","B","Japan","Malt"
"Hakushu Single Malt Heavily Peated","8.81","0.35","12","$$$$$+","SingleMalt-like","I","I","Japan","Malt"
"Hazelburn 12yo (Springbank)","8.67","0.23","10","$$$$","SingleMalt-like","ABC","C","Scotland","Malt"
"Hazelburn 8yo (Springbank)","8.42","0.37","11","$$$$","SingleMalt-like","GH","G","Scotland","Malt"
"Hibiki 12yo","8.62","0.26","18","$$$$","SingleMalt-like","GH","G","Japan","Blend"
"Hibiki 17yo","8.71","0.36","11","$$$$$","SingleMalt-like","EF","E","Japan","Blend"
"Hibiki 21yo","9.15","0.26","7","$$$$$+","SingleMalt-like","EF","E","Japan","Blend"
"Hibiki Harmony NAS","8.39","0.78","10","$$$$","SingleMalt-like","GH","G","Japan","Blend"
"High West American Prairie Reserve","8.65","0.17","3","$$$","Bourbon-like","","","USA","Bourbon"
"High West Bourye","8.95","0.37","3","$$$$","Rye-like","","","USA","Blend"
"High West Campfire","8.86","0.39","6","$$$$","Scotch-like","","","USA","Blend"
"High West Double Rye","8.78","0.33","9","$$$","Rye-like","","","USA","Rye"
"High West Midwinter Night’s Dram Rye","9.25","0.15","6","$$$$$","Rye-like","","","USA","Rye"
"High West Rendezvous Rye","8.92","0.33","12","$$$$","Rye-like","","","USA","Rye"
"High West Son of Bourye","8.43","0.46","9","$$$","Rye-like","","","USA","Blend"
"Highland Park 10yo","8.54","0.3","11","$$$","SingleMalt-like","I","I","Scotland","Malt"
"Highland Park 12yo (all reviews)","8.68","0.23","19","$$$","SingleMalt-like","I","I","Scotland","Malt"
"Highland Park 12yo (reviews post-mid 2014)","8.39","0.4","10","$$$","SingleMalt-like","I","I","Scotland","Malt"
"Highland Park 12yo (reviews pre-mid 2014)","8.83","0.26","15","$$$","SingleMalt-like","I","I","Scotland","Malt"
"Highland Park 16yo Odin","9.15","0.3","6","$$$$$+","SingleMalt-like","ABC","C","Scotland","Malt"
"Highland Park 18yo","9.17","0.26","20","$$$$$","SingleMalt-like","ABC","C","Scotland","Malt"
"Highland Park 21yo","8.89","0.41","14","$$$$$+","SingleMalt-like","ABC","C","Scotland","Malt"
"Highland Park 25yo","9.2","0.25","12","$$$$$+","SingleMalt-like","ABC","C","Scotland","Malt"
"Highland Park 30yo","9.06","0.42","9","$$$$$+","SingleMalt-like","ABC","C","Scotland","Malt"
"Highland Park 40yo","9.07","0.4","8","$$$$$+","SingleMalt-like","ABC","C","Scotland","Malt"
"Highland Park Dark Origins","8.51","0.53","14","$$$$","SingleMalt-like","ABC","C","Scotland","Malt"
"Highland Park Einar","8.33","0.47","5","$$$$","SingleMalt-like","I","I","Scotland","Malt"
"Highland Park Sigurd","9.09","0.32","7","$$$$$","SingleMalt-like","I","I","Scotland","Malt"
"Highland Park Svein","8.33","0.16","9","$$$","SingleMalt-like","GH","G","Scotland","Malt"
"Highwood Ninety 5yo","8.39","0.56","5","$","Rye-like","","","Canada","Blend"
"Highwood Ninety Rye 20yo","8.96","0.25","7","$$","Rye-like","","","Canada","Blend"
"Hiram Walker Special Old Rye","8.19","0.41","8","$$","Rye-like","","","Canada","Blend"
"Ichiro's Malt Chichibu The First","8.57","0.36","11","$$$$$","SingleMalt-like","GH","G","Japan","Malt"
"Ichiro's Malt Chichibu The Peated","8.85","0.42","6","$$$$$+","SingleMalt-like","J","J","Japan","Malt"
"Ichiro's Malt Double Distilleries","8.68","0.28","6","$$$$$","SingleMalt-like","EF","E","Japan","Malt"
"Ichiro's Malt Mizunara Wood Reserve (MWR)","8.23","0.55","7","$$$$$","SingleMalt-like","GH","H","Japan","Malt"
"Ichiro's Malt The Joker","9.3","0.21","4","$$$$$+","SingleMalt-like","EF","F","Japan","Malt"
"Inchgower 14yo (F&F)","8.71","0.49","7","$$$$","SingleMalt-like","GH","H","Scotland","Malt"
"Islay Mist 8yo","7.98","0.42","9","$","Scotch-like","","","Scotland","Blend"
"J&B Rare","7.1","1.07","9","$","Scotch-like","","","Scotland","Blend"
"J.P. Wiser's Double Still Rye","8.4","0.05","3","$","Rye-like","","","Canada","Blend"
"J.P. Wiser's Hopped Canadian Whisky","8.24","0.45","4","$","Rye-like","","","Canada","Blend"
"J.P. Wiser’s Rye","8","0.43","8","$","Rye-like","","","Canada","Blend"
"Jack Daniel's Gentleman Jack","7.86","0.45","11","$$","Bourbon-like","","","USA","Bourbon"
"Jack Daniel's Single Barrel","8.47","0.42","12","$$$","Bourbon-like","","","USA","Bourbon"
"Jack Daniels's Old No. 7","8.07","0.43","11","$$","Bourbon-like","","","USA","Bourbon"
"Jameson 12yo Special Reserve","8.39","0.28","8","$$$$","Scotch-like","","","Ireland","Blend"
"Jameson Caskmates","8.22","0.38","6","$$","Scotch-like","","","Ireland","Blend"
"Jameson Gold Reserve","8.5","0.45","8","$$$$","Scotch-like","","","Ireland","Blend"
"Jameson Irish Whiskey","7.82","0.58","17","$$","Scotch-like","","","Ireland","Blend"
"Jameson Select Reserve (Black Barrel)","8.34","0.42","14","$$","Scotch-like","","","Ireland","Blend"
"Jameson Signature Reserve","8.42","0.45","3","$$","Scotch-like","","","Ireland","Blend"
"Jefferson's Reserve Very Old Kentucky Straight Bourbon","8.51","0.37","5","$$$","Bourbon-like","","","USA","Bourbon"
"Jefferson's Straight Rye 10yo","8.58","0.47","4","$$$","Rye-like","","","USA","Rye"
"Jefferson's Very Small Batch Bourbon","8.24","0.32","7","$$","Bourbon-like","","","USA","Bourbon"
"Jim Beam Black Label","8.23","0.45","13","$","Bourbon-like","","","USA","Bourbon"
"Jim Beam Devil's Cut","8.13","0.53","14","$","Bourbon-like","","","USA","Bourbon"
"Jim Beam Pre-prohibition Rye","8.5","0.46","4","$","Rye-like","","","USA","Rye"
"Jim Beam Red Stag (Black Cherry)","7.46","0.94","4","$","Bourbon-like","","","USA","Flavoured"
"Jim Beam Rye","7.85","0.69","7","$","Rye-like","","","USA","Rye"
"Jim Beam White Label","7.72","0.36","15","$","Bourbon-like","","","USA","Bourbon"
"Johnnie Walker Black Label","8.37","0.5","19","$$","Scotch-like","","","Scotland","Blend"
"Johnnie Walker Blue Label","8.5","0.36","12","$$$$$","Scotch-like","","","Scotland","Blend"
"Johnnie Walker Double Black","8.52","0.33","13","$$","Scotch-like","","","Scotland","Blend"
"Johnnie Walker Green Label","8.51","0.44","12","$$$$","Scotch-like","","","Scotland","Blend"
"Johnnie Walker Red Label","7.46","0.63","15","$","Scotch-like","","","Scotland","Blend"
"Jura 10yo Origin","8.03","0.41","15","$$$","SingleMalt-like","I","I","Scotland","Malt"
"Jura 12yo Elixir","8.33","0.52","9","$$$","SingleMalt-like","ABC","C","Scotland","Malt"
"Jura Brooklyn","8.81","0.23","6","$$$$","SingleMalt-like","ABC","C","Scotland","Malt"
"Jura Prophecy","8.68","0.34","14","$$$$","SingleMalt-like","J","J","Scotland","Malt"
"Jura Superstition","8.22","0.49","16","$$$","SingleMalt-like","I","I","Scotland","Malt"
"Kakubin (Suntory Whisky)","8.17","0.85","4","$$","Scotch-like","","","Japan","Blend"
"Karuizawa 1990 Sherry Butt","9.05","0.31","4","$$$$$+","SingleMalt-like","ABC","A","Japan","Malt"
"Karuizawa Asama Vintages 1999-2000","8.72","0.5","6","$$$$$+","SingleMalt-like","ABC","C","Japan","Malt"
"Kavalan Concertmaster Port Cask","8.39","0.48","14","$$$$","SingleMalt-like","ABC","C","Taiwan","Malt"
"Kavalan King Car","8.53","0.26","7","$$$$","SingleMalt-like","GH","G","Taiwan","Malt"
"Kavalan Podium","8.81","0.42","5","$$$$","SingleMalt-like","GH","G","Taiwan","Malt"
"Kavalan Sherry Oak","9.11","0.48","3","$$$$$","SingleMalt-like","ABC","B","Taiwan","Malt"
"Kavalan Single Malt Whisky","8.48","0.58","13","$$$$","SingleMalt-like","GH","G","Taiwan","Malt"
"Kavalan Soloist Ex-Bourbon","8.86","0.31","13","$$$$$","SingleMalt-like","EF","E","Taiwan","Malt"
"Kavalan Soloist Fino Sherry Cask","9.18","0.25","8","$$$$$+","SingleMalt-like","ABC","A","Taiwan","Malt"
"Kavalan Soloist Sherry Cask","9.24","0.32","10","$$$$$","SingleMalt-like","ABC","A","Taiwan","Malt"
"Kavalan Soloist Vinho Barrique","8.97","0.39","11","$$$$$","SingleMalt-like","ABC","A","Taiwan","Malt"
"Kilbeggan Irish Reserve Malt Whiskey","8.08","0.52","5","$$","SingleMalt-like","GH","G","Ireland","Malt"
"Kilchoman 100% Islay (all editions)","8.81","0.3","14","$$$$","SingleMalt-like","J","J","Scotland","Malt"
"Kilchoman Loch Gorm","9.06","0.17","14","$$$$","SingleMalt-like","J","J","Scotland","Malt"
"Kilchoman Machir Bay (2012/2013/2014)","8.82","0.27","18","$$$$","SingleMalt-like","J","J","Scotland","Malt"
"Kilchoman Winter 2010 Release","8.55","0.17","4","$$$$","SingleMalt-like","J","J","Scotland","Malt"
"Kirin 18yo (Fuji Sanroku)","8.98","0.6","3","$$$$$+","SingleMalt-like","GH","G","Japan","Malt"
"Kirin 50% Blend (Fuji Gotemba)","8.35","0.51","3","$$$$","Scotch-like","","","Japan","Blend"
"Knob Creek Single Barrel Reserve Bourbon","8.88","0.35","8","$$$","Bourbon-like","","","USA","Bourbon"
"Knob Creek Small Batch 9yo Bourbon","8.65","0.43","18","$$","Bourbon-like","","","USA","Bourbon"
"Knob Creek Small Batch Straight Rye Whiskey","8.57","0.44","12","$$$","Rye-like","","","USA","Rye"
"Knockando 12yo (All Vintages)","7.92","0.43","12","$$","SingleMalt-like","GH","G","Scotland","Malt"
"Koval Single Barrel Bourbon","8.63","0.23","4","$$$","Bourbon-like","","","USA","Bourbon"
"Koval Single Barrel Four Grain","8.44","0.26","4","$$$$","Bourbon-like","","","USA","Grain"
"Koval Single Barrel Millet Whiskey","8.15","0.37","4","$$$","Bourbon-like","","","USA","Grain"
"Koval Single Barrel Rye","7.7","0.33","3","$$$","Rye-like","","","USA","Rye"
"Lagavulin 12yo Cask Strength","9.23","0.14","16","$$$$$","SingleMalt-like","J","J","Scotland","Malt"
"Lagavulin 16yo","9.3","0.25","23","$$$$","SingleMalt-like","J","J","Scotland","Malt"
"Lagavulin Distiller's Edition (All Vintages)","9.13","0.28","16","$$$$$","SingleMalt-like","J","J","Scotland","Malt"
"Laphroaig 10yo","8.92","0.25","17","$$$","SingleMalt-like","J","J","Scotland","Malt"
"Laphroaig 15yo (200th Anniversary)","8.86","0.32","13","$$$$","SingleMalt-like","J","J","Scotland","Malt"
"Laphroaig 18yo","9.07","0.29","15","$$$$$","SingleMalt-like","J","J","Scotland","Malt"
"Laphroaig 25yo","9.21","0.3","11","$$$$$+","SingleMalt-like","ABC","C","Scotland","Malt"
"Laphroaig Cairdeas 2013 Port Wood","8.82","0.52","10","$$$$","SingleMalt-like","ABC","C","Scotland","Malt"
"Laphroaig Cairdeas 2014 Amontillado","9.02","0.22","7","$$$$","SingleMalt-like","J","J","Scotland","Malt"
"Laphroaig Cairdeas 2015","9.18","0.21","6","$$$$","SingleMalt-like","J","J","Scotland","Malt"
"Laphroaig Quarter Cask","9.1","0.22","19","$$$$","SingleMalt-like","J","J","Scotland","Malt"
"Larceny Small Batch Bourbon","8.49","0.23","6","$$","Bourbon-like","","","USA","Bourbon"
"Ledaig 10yo (Tobermory)","8.22","0.37","15","$$$","SingleMalt-like","I","I","Scotland","Malt"
"Linkwood 12yo (F&F)","8.61","0.36","6","$$$$","SingleMalt-like","GH","H","Scotland","Malt"
"Loch Lomond","7.19","0.38","6","$","SingleMalt-like","GH","H","Scotland","Malt"
"Longmorn 16yo","8.7","0.34","14","$$$$$","SingleMalt-like","ABC","C","Scotland","Malt"
"Longrow Peated (NAS)","8.81","0.26","16","$$$","SingleMalt-like","I","I","Scotland","Malt"
"Lot 40","8.91","0.42","16","$$","Rye-like","","","Canada","Rye"
"Macallan 10yo (OB, Sherry Oak)","8.47","0.41","7","$$$","SingleMalt-like","ABC","A","Scotland","Malt"
"Macallan 10yo Fine Oak","8.23","0.33","14","$$$","SingleMalt-like","EF","E","Scotland","Malt"
"Macallan 12yo Fine Oak","8.48","0.41","13","$$$$","SingleMalt-like","GH","G","Scotland","Malt"
"Macallan 1824 Amber","8.35","0.39","11","$$$","SingleMalt-like","EF","E","Scotland","Malt"
"Macallan 1824 Gold","8.3","0.3","14","$$$","SingleMalt-like","GH","G","Scotland","Malt"
"Macallan 1824 Rare Cask","8.76","0.46","8","$$$$$+","SingleMalt-like","ABC","A","Scotland","Malt"
"Macallan 1824 Ruby","8.83","0.2","11","$$$$$","SingleMalt-like","ABC","A","Scotland","Malt"
"Macallan 1824 Sienna","8.84","0.33","14","$$$$$","SingleMalt-like","ABC","C","Scotland","Malt"
"Macallan 18yo Fine Oak","8.83","0.33","11","$$$$$","SingleMalt-like","ABC","C","Scotland","Malt"
"Macallan 30yo Fine Oak","8.59","0.37","6","$$$$$+","SingleMalt-like","ABC","C","Scotland","Malt"
"Mackinlay 'Shackleton' Rare Old Highland Malt Whisky","8.88","0.33","14","$$$$$","SingleMalt-like","GH","H","Scotland","Malt"
"Mackmyra Special 04","8.79","0.39","8","$$$$","SingleMalt-like","EF","E","Sweden","Malt"
"Mackmyra Special 08","8.36","0.34","3","$$$$","SingleMalt-like","EF","E","Sweden","Malt"
"Mackmyra The First Edition Swedish Whisky","8.74","0.35","15","$$$","SingleMalt-like","GH","H","Sweden","Malt"
"Maker's Mark","8.25","0.46","20","$$","Bourbon-like","","","USA","Bourbon"
"Maker's Mark 46","8.9","0.2","12","$$$","Bourbon-like","","","USA","Bourbon"
"Maker's Mark Cask Strength","8.8","0.47","6","$$$$","Bourbon-like","","","USA","Bourbon"
"Mannochmore 12yo (F&F)","8.27","0.14","4","$$$","SingleMalt-like","GH","G","Scotland","Malt"
"Masterson's Straight Barley 10yo","8.54","0.69","6","$$$$","Rye-like","","","Canada","Barley"
"Masterson's Straight Rye 10yo","8.92","0.47","14","$$$$","Rye-like","","","Canada","Rye"
"Masterson's Straight Wheat 12yo","8.67","0.24","8","$$$$","Rye-like","","","Canada","Wheat"
"Michter's US*1 Single Barrel Rye","8.79","0.56","6","$$$","Rye-like","","","USA","Rye"
"Michter's US*1 Small Batch Bourbon","8.46","0.39","7","$$$","Bourbon-like","","","USA","Bourbon"
"Midleton Very Rare Irish Whiskey","8.82","0.59","8","$$$$$","SingleMalt-like","EF","E","Ireland","Blend"
"Millstone Rye 100%","8.84","0.34","6","$$$$","Rye-like","","","Netherlands","Rye"
"Miltonduff 10yo (F&F)","8.06","0.49","4","$$$","SingleMalt-like","EF","E","Scotland","Malt"
"Monkey Shoulder","8.29","0.42","13","$$","SingleMalt-like","EF","E","Scotland","Malt"
"Mortlach 15yo (Gordon & MacPhail)","8.74","0.39","10","$$$$","SingleMalt-like","ABC","C","Scotland","Malt"
"Mortlach 16yo (F&F)","8.69","0.32","8","$$$$$","SingleMalt-like","ABC","C","Scotland","Malt"
"Mortlach Rare Old","8.56","0.41","10","$$$$$","SingleMalt-like","EF","E","Scotland","Malt"
"Mortlach Special Strength","8.74","0.64","5","$$$$$","SingleMalt-like","EF","E","Scotland","Malt"
"Nikka All Malt","8.46","0.17","8","$$","SingleMalt-like","EF","E","Japan","Malt"
"Nikka Coffey Grain","8.67","0.5","14","$$$$","Scotch-like","","","Japan","Grain"
"Nikka Coffey Malt","8.82","0.5","5","$$$$","SingleMalt-like","EF","E","Japan","Malt"
"Nikka From the Barrel","8.85","0.44","20","$$$","SingleMalt-like","EF","F","Japan","Blend"
"Nikka Gold & Gold","8.16","0.37","7","$$$","SingleMalt-like","GH","G","Japan","Malt"
"Nikka Miyagikyo 10yo","8.43","0.37","6","$$$$","SingleMalt-like","I","I","Japan",""
"Nikka Miyagikyo 12yo","8.63","0.32","6","$$$$","SingleMalt-like","I","I","Japan",""
"Nikka Miyagikyo 15yo","8.7","0.31","11","$$$$$","SingleMalt-like","J","J","Japan","Malt"
"Nikka Miyagikyo NAS","8.43","0.41","4","$$$$","SingleMalt-like","GH","H","Japan","Malt"
"Nikka Pure Malt Black","8.82","0.24","12","$$$","SingleMalt-like","I","I","Japan","Malt"
"Nikka Pure Malt Red","8.54","0.36","9","$$$","SingleMalt-like","EF","E","Japan","Malt"
"Nikka Pure Malt White","8.67","0.37","11","$$$","SingleMalt-like","I","I","Japan","Malt"
"Nikka Single Cask Coffey Malt 12yo","9.14","0.51","9","$$$$$","SingleMalt-like","ABC","C","Japan","Malt"
"Nikka Super","7.97","0.49","7","$$$","SingleMalt-like","EF","E","Japan","Malt"
"Nikka Taketsuru 12yo","8.32","0.37","15","$$$$","SingleMalt-like","EF","E","Japan","Malt"
"Nikka Taketsuru 17yo","8.81","0.28","11","$$$$$","SingleMalt-like","EF","E","Japan","Malt"
"Nikka Taketsuru 21yo","9.02","0.29","13","$$$$$","SingleMalt-like","ABC","C","Japan","Malt"
"Nikka Taketsuru NAS","8.14","0.6","3","$$$$","SingleMalt-like","GH","G","Japan","Malt"
"Nikka Yoichi 10yo","8.72","0.28","16","$$$$","SingleMalt-like","I","I","Japan","Malt"
"Nikka Yoichi 12yo","8.8","0.22","9","$$$$$","SingleMalt-like","I","I","Japan","Malt"
"Nikka Yoichi 15yo","9.05","0.23","13","$$$$$","SingleMalt-like","I","I","Japan","Malt"
"Nikka Yoichi NAS","8.28","0.13","6","$$$$","SingleMalt-like","I","I","Japan","Malt"
"Oban 14yo","8.44","0.44","13","$$$$","SingleMalt-like","I","I","Scotland","Malt"
"Oban Little Bay","8.52","0.33","8","$$$$","SingleMalt-like","I","I","Scotland","Malt"
"Old Ballantruan Peated (Toumintoul)","8.2","0.49","7","$$$$","SingleMalt-like","I","I","Scotland","Malt"
"Old Fitzgerald Kentucky Straight Bourbon","8.37","0.6","5","$$","Bourbon-like","","","USA","Bourbon"
"Old Forester","8.1","0.35","8","$$","Bourbon-like","","","USA","Bourbon"
"Old Forester Birthday (2012-2016)","8.74","0.24","5","$$$$$","Bourbon-like","","","USA","Bourbon"
"Old Forester Signature (100 Proof)","8.45","0.37","5","$$","Bourbon-like","","","USA","Bourbon"
"Old Grand-Dad Bourbon 100 BiB","8.41","0.63","6","$$","Bourbon-like","","","USA","Bourbon"
"Old Grand-Dad Bourbon 114","8.66","0.3","3","$$","Bourbon-like","","","USA","Bourbon"
"Old Grand-Dad Bourbon 80/86","8.14","0.54","8","$$","Bourbon-like","","","USA","Bourbon"
"Old Pulteney 12yo","8.44","0.3","21","$$$","SingleMalt-like","EF","E","Scotland","Malt"
"Old Pulteney 17yo","8.86","0.29","14","$$$$$","SingleMalt-like","EF","E","Scotland","Malt"
"Old Pulteney 21yo","8.67","0.65","11","$$$$$","SingleMalt-like","GH","H","Scotland","Malt"
"Old Pulteney Navigator","8.43","0.31","7","$$$","SingleMalt-like","EF","E","Scotland","Malt"
"Old Rip Van Winkle 10yo","9.14","0.24","4","$$$$$+","Bourbon-like","","","USA","Bourbon"
"Old Weller Antique 107","8.72","0.59","6","$$$","Bourbon-like","","","USA","Bourbon"
"Olf Fitzgerald BiB","8.16","0.21","3","$$$","Bourbon-like","","","USA","Bourbon"
"Orphan Barrel Barterhouse Bourbon 20yo","8.84","0.31","9","$$$$$","Bourbon-like","","","USA","Bourbon"
"P&M Blended Whisky","7.38","1.07","5","$","Scotch-like","","","France","Blend"
"Pappy Van Winkle Family Reserve Bourbon 15yo","9.33","0.24","7","$$$$$+","Bourbon-like","","","USA","Bourbon"
"Pappy Van Winkle Family Reserve Bourbon 20yo","9.24","0.38","9","$$$$$+","Bourbon-like","","","USA","Bourbon"
"Penderyn Aur Cymru","7.69","0.61","8","$$$$","SingleMalt-like","EF","E","Wales","Malt"
"Penderyn Legend","7.45","0.95","4","$$$","SingleMalt-like","ABC","B","Wales","Malt"
"Penderyn Madeira","7.75","1.08","11","$$$$","SingleMalt-like","ABC","B","Wales","Malt"
"Penderyn Peated","8.29","0.59","9","$$$$","SingleMalt-like","I","I","Wales","Malt"
"Penderyn Portwood","8.64","0.43","5","$$$","SingleMalt-like","ABC","C","Wales","Malt"
"Penderyn Sherrywood","7.69","0.62","9","$$$$","SingleMalt-like","ABC","B","Wales","Malt"
"Pendleton (Let'er Buck)","8.05","0.5","13","$$","Rye-like","","","Canada","Blend"
"Pendleton 1910","8.47","0.41","7","$$","Rye-like","","","Canada","Blend"
"Pike Creek 10yo","8.32","0.44","9","$$","Rye-like","","","Canada","Blend"
"Pikesville Straight Rye","8.81","0.41","8","$$$$","","","","",""
"Potter's Special Old","8.4","0.43","4","$","Rye-like","","","Canada","Blend"
"Powers (Gold Label)","8.04","0.64","9","$$","Scotch-like","","","Ireland","Blend"
"Powers 12yo John's Lane","8.86","0.41","12","$$$$","Scotch-like","","","Ireland","Blend"
"Powers 12yo Reserve","8.62","0.27","6","$$$","Scotch-like","","","Ireland","Blend"
"Prichard’s Rye","8.48","0.26","3","$$$$","Rye-like","","","USA","Rye"
"Rebel Yell Kentucky Bourbon","7.53","0.39","8","$","Bourbon-like","","","USA","Bourbon"
"Redbreast 12yo","8.83","0.46","19","$$$","SingleMalt-like","EF","E","Ireland","Malt"
"Redbreast 12yo Cask Strength","9.11","0.31","12","$$$$","SingleMalt-like","EF","E","Ireland","Malt"
"Redbreast 15yo","8.74","0.27","12","$$$$","SingleMalt-like","EF","E","Ireland","Malt"
"Redbreast 21yo","9.4","0.22","7","$$$$$+","SingleMalt-like","ABC","C","Ireland","Malt"
"Redemption High Rye Bourbon","7.82","0.45","4","$$","Bourbon-like","","","USA","Bourbon"
"Rich and Rare","7.69","0.58","5","$","Rye-like","","","Canada","Blend"
"Rich and Rare Reserve","7.91","0.34","6","$","Rye-like","","","Canada","Blend"
"Rittenhouse Rye 100 Proof","8.65","0.21","12","$$","Rye-like","","","USA","Rye"
"Royal Brackla 12yo","8.38","0.56","6","$$$$","SingleMalt-like","EF","E","Scotland","Malt"
"Royal Canadian Small Batch","7.97","0.38","11","$$","Rye-like","","","Canada","Blend"
"Royal Lochnagar 12yo","7.83","0.32","10","$$$$$","SingleMalt-like","ABC","C","Scotland","Malt"
"Russell's Reserve Single Barrel","8.86","0.59","5","$$$$","Bourbon-like","","","USA","Bourbon"
"Russell's Reserve Small Batch 10yo Bourbon","8.58","0.33","10","$$","Bourbon-like","","","USA","Bourbon"
"Sazerac Straight Rye","8.61","0.51","11","$$","Rye-like","","","USA","Rye"
"Scapa 16yo","8.27","0.29","12","$$$$","SingleMalt-like","EF","E","Scotland","Malt"
"Scapa Skiren","7.63","0.12","3","$$$$","SingleMalt-like","EF","E","Scotland","Malt"
"Schenley Golden Wedding","8.02","0.59","8","$","Rye-like","","","Canada","Blend"
"Seagram's Canadian 83","7.27","0.91","7","$","Rye-like","","","Canada","Blend"
"Seagram's VO","7.74","0.79","9","$","Rye-like","","","Canada","Blend"
"Speyburn 10yo","8.02","0.33","16","$$","SingleMalt-like","GH","H","Scotland","Malt"
"Speyside 10yo","7.65","0.71","4","$$$","SingleMalt-like","EF","E","Scotland","Malt"
"Speyside 12yo","7.82","0.65","9","$$","SingleMalt-like","GH","H","Scotland","Malt"
"Springbank 10yo","8.7","0.28","16","$$$$","SingleMalt-like","I","I","Scotland","Malt"
"Springbank 12yo Cask Strength","8.87","0.31","14","$$$$","SingleMalt-like","ABC","C","Scotland","Malt"
"Springbank 15yo","8.74","0.25","11","$$$$$","SingleMalt-like","ABC","C","Scotland","Malt"
"Springbank 18yo","8.97","0.2","14","$$$$$","SingleMalt-like","I","I","Scotland","Malt"
"St George's Chapter 6 (unpeated)","8.24","0.51","10","$$$","SingleMalt-like","GH","G","England","Malt"
"St George's Chapter 9 (peated)","8.2","0.43","5","$$$","SingleMalt-like","I","I","England","Malt"
"Stagg Jr","8.49","0.47","11","$$$$","Bourbon-like","","","USA","Bourbon"
"Stalk & Barrel 11+1 Canadian whisky","8.27","0.42","14","$$","Rye-like","","","Canada","Blend"
"Stalk & Barrel Cask 17 Rye","8.4","0.37","3","$$$","Rye-like","","","Canada","Blend"
"Stalk & Barrel Rye whisky","8.73","0.26","5","$$$","Rye-like","","","Canada","Blend"
"Stalk & Barrel Single Malt (All Casks)","8.33","0.37","10","$$$","SingleMalt-like","EF","F","Canada","Malt"
"Strathisla 12yo","8.27","0.28","11","$$$","SingleMalt-like","EF","E","Scotland","Malt"
"Strathmill 12yo","8.37","0.3","3","$$$$","SingleMalt-like","GH","G","Scotland","Malt"
"Strathmill 25yo","8.85","0.44","4","$$$$$+","SingleMalt-like","EF","E","Scotland","Malt"
"Suntory Old Whisky","8.3","0.35","7","$$$","SingleMalt-like","EF","E","Japan","Blend"
"Talisker 10yo","8.92","0.22","19","$$$$","SingleMalt-like","I","I","Scotland","Malt"
"Talisker 18yo","9.25","0.2","14","$$$$$","SingleMalt-like","I","I","Scotland","Malt"
"Talisker 25yo","8.95","0.26","13","$$$$$+","SingleMalt-like","I","I","Scotland","Malt"
"Talisker 57 North","9.01","0.25","13","$$$$","SingleMalt-like","I","I","Scotland","Malt"
"Talisker Dark Storm","8.78","0.13","8","$$$","SingleMalt-like","I","I","Scotland","Malt"
"Talisker Distiller's Edition (all editions)","8.92","0.29","15","$$$$","SingleMalt-like","I","I","Scotland","Malt"
"Talisker Port Ruighe","8.55","0.45","12","$$$$","SingleMalt-like","ABC","C","Scotland","Malt"
"Talisker Storm","8.64","0.29","14","$$$$","SingleMalt-like","I","I","Scotland","Malt"
"Tamdhu 10yo","8.22","0.73","11","$$$$","SingleMalt-like","GH","H","Scotland","Malt"
"Tamnavulin 12yo","7.62","0.93","4","$$","SingleMalt-like","GH","H","Scotland","Malt"
"Teacher's Highland Cream","7.93","0.88","10","$","Scotch-like","","","Scotland","Blend"
"Teaninich 10yo (F&F)","8.13","0.18","3","","SingleMalt-like","EF","F","Scotland","Malt"
"Teeling Single Grain (Wine Cask Finish)","8.56","0.37","8","$$$","Scotch-like","","","Ireland","Grain"
"Teeling Single Malt","8.51","0.43","5","$$$$","SingleMalt-like","ABC","C","Ireland","Malt"
"Teeling Whiskey Small Batch (Rum Cask Finish)","8.38","0.29","14","$$","SingleMalt-like","EF","E","Ireland","Blend"
"Templeton Rye","8.18","0.48","5","$$$","Rye-like","","","USA","Rye"
"The Irishman Cask Strength","8.69","0.27","4","$$$$$","SingleMalt-like","EF","E","Ireland","Blend"
"The Irishman Founder’s Reserve","8.4","0.35","5","$$","SingleMalt-like","EF","E","Ireland","Blend"
"The Irishman Original Clan Irish Whiskey","8.16","0.2","4","$$","Scotch-like","","","Ireland","Blend"
"The Irishman Single Malt (NAS)","7.88","0.25","4","$$$","SingleMalt-like","EF","E","Ireland","Malt"
"Three Ships 10yo","8.29","0.34","7","$$$$","Scotch-like","","","South Africa","Blend"
"Three Ships 5yo","7.98","0.51","8","$","Scotch-like","","","South Africa","Blend"
"Tobermory 10yo","8.22","0.46","17","$$$","SingleMalt-like","EF","F","Scotland","Malt"
"Tobermory 15yo","8.53","0.37","12","$$$$$","SingleMalt-like","ABC","C","Scotland","Malt"
"Tomatin 12yo","7.83","0.65","14","$$","SingleMalt-like","EF","E","Scotland","Malt"
"Tomatin 14yo Portwood","8.81","0.28","4","$$$$","SingleMalt-like","ABC","C","Scotland","Malt"
"Tomatin 15yo","8.34","0.14","5","$$$$","SingleMalt-like","EF","E","Scotland","Malt"
"Tomatin 18yo","8.68","0.23","7","$$$$","SingleMalt-like","ABC","C","Scotland","Malt"
"Tomatin Cu Bocan","8.1","0.33","10","$$$$","SingleMalt-like","GH","H","Scotland","Malt"
"Tomatin Cu Bocan 1989 Limited Edition","8.95","0.33","3","$$$$$+","SingleMalt-like","I","I","Scotland","Malt"
"Tomatin Cu Bocan Sherry Edition","8.4","0.37","3","$$$$","SingleMalt-like","ABC","C","Scotland","Malt"
"Tomatin Cu Bocan Virgin Oak Edition","8.52","0.48","3","$$$$","SingleMalt-like","GH","H","Scotland","Malt"
"Tomatin Legacy","8.26","0.48","8","$$","SingleMalt-like","GH","G","Scotland","Malt"
"Tomintoul 10yo","7.88","0.3","12","$$$","SingleMalt-like","GH","G","Scotland","Malt"
"Tomintoul 12yo Oloroso","8.34","0.61","8","$$$$","SingleMalt-like","EF","E","Scotland","Malt"
"Tomintoul 16yo","8.43","0.48","12","$$$","SingleMalt-like","GH","G","Scotland","Malt"
"Tomintoul Peaty Tang","7.97","0.79","8","$$","SingleMalt-like","J","J","Scotland","Malt"
"Tormore 12yo","7.83","0.4","9","$$$","SingleMalt-like","GH","G","Scotland","Malt"
"Tormore 14yo","8.05","0.28","4","$$$","SingleMalt-like","GH","G","Scotland","Malt"
"Tullamore Dew 10yo Single Malt","7.99","0.81","6","$$$","SingleMalt-like","EF","E","Ireland","Malt"
"Tullamore Dew Blended","7.77","0.41","14","$$","Scotch-like","","","Ireland","Blend"
"Tullamore Dew Blended 12yo","8.11","0.28","8","$$$","Scotch-like","","","Ireland","Blend"
"Tullibardine 1993 Port","7.98","0.38","5","$$$$","SingleMalt-like","ABC","B","Scotland","Malt"
"Tullibardine 1993 Sauternes","8.25","0.37","4","$$$","SingleMalt-like","EF","E","Scotland","Malt"
"Tullibardine 20yo","8.68","0.32","4","$$$$$","SingleMalt-like","GH","G","Scotland","Malt"
"Tullibardine 225 Sauternes Finish","8.41","0.47","4","$$$$","SingleMalt-like","EF","E","Scotland","Malt"
"Tullibardine Aged Oak Edition","8.17","0.46","7","$$$","SingleMalt-like","GH","G","Scotland","Malt"
"Tullibardine Vintage 1993","8.32","0.52","8","$$$","SingleMalt-like","GH","G","Scotland","Malt"
"Tyrconnell 10yo Madeira Cask Finish","8.56","0.4","9","$$$$","SingleMalt-like","EF","E","Ireland","Malt"
"Tyrconnell 10yo Port Cask Finish","8.57","0.4","9","$$$$","SingleMalt-like","ABC","B","Ireland","Malt"
"Tyrconnell 10yo Sherry Cask Finish","8.41","0.33","5","$$$$","SingleMalt-like","ABC","B","Ireland","Malt"
"Tyrconnell Single Malt Irish Whiskey","8.16","0.4","12","$$","SingleMalt-like","GH","H","Ireland","Malt"
"Té Bheag","8.47","0.42","12","$$","Scotch-like","","","Scotland","Blend"
"Van Winkle Family Reserve Rye 13yo","8.9","0.34","6","$$$$$+","Rye-like","","","USA","Rye"
"Van Winkle Special Reserve 12yo Lot B","8.84","0.22","3","$$$$$+","Bourbon-like","","","USA","Bourbon"
"Very Old Barton 6yo","8.45","0.41","6","$","Bourbon-like","","","USA","Bourbon"
"W.L. Weller 12yo","8.94","0.24","8","$$$$","Bourbon-like","","","USA","Bourbon"
"W.L. Weller Special Reserve (7yo)","8.5","0.42","8","$","Bourbon-like","","","USA","Bourbon"
"Wemyss Malts Kiln Embers","8.79","0.11","3","$$$","SingleMalt-like","J","J","Scotland","Malt"
"Wemyss Malts Peat Chimney","8.43","0.51","11","$$$","SingleMalt-like","I","I","Scotland","Malt"
"Wemyss Malts Smooth Gentleman","8.31","0.1","3","$$$","SingleMalt-like","EF","E","Scotland","Malt"
"Wemyss Malts The Hive","8.41","0.21","11","$$$","SingleMalt-like","GH","G","Scotland","Malt"
"Wemyss Malts The Rockpool","8.92","0.32","3","$$$","SingleMalt-like","I","I","Scotland","Malt"
"Wemyss Malts The Spice King","8.39","0.33","11","$$$","SingleMalt-like","ABC","C","Scotland","Malt"
"Wemyss Malts Velvet Fig","8.27","1.16","5","$$$","SingleMalt-like","ABC","A","Scotland","Malt"
"Whistlepig 10yo","8.86","0.5","13","$$$$","Rye-like","","","Canada","Blend"
"Whistlepig The Boss Hog 12yo","8.75","0.33","6","$$$$$","Rye-like","","","Canada","Blend"
"White Oak Akashi 5yo","8.14","0.68","7","$$$$$","SingleMalt-like","GH","G","Japan","Malt"
"White Oak Akashi Blended","7.95","0.5","4","$$$","Scotch-like","","","Japan","Blend"
"Whyte & Mackay Special Reserve","7.41","0.46","5","$","Scotch-like","","","Scotland","Blend"
"Wild Turkey 101 Bourbon","8.48","0.42","14","$$","Bourbon-like","","","USA","Bourbon"
"Wild Turkey 101 Rye","8.39","0.25","6","$$","Rye-like","","","USA","Rye"
"Wild Turkey 81 Bourbon","8.19","0.37","11","$","Bourbon-like","","","USA","Bourbon"
"Wild Turkey 81 Rye","8.05","0.24","5","$$","Bourbon-like","","","USA","Bourbon"
"Wild Turkey Rare Breed","8.81","0.36","13","$$","Bourbon-like","","","USA","Bourbon"
"William Larue Weller","9.2","0.27","8","$$$$$+","Bourbon-like","","","USA","Bourbon"
"Wiser's DeLuxe","8.14","0.49","8","$","Rye-like","","","Canada","Blend"
"Wiser's Legacy","9.07","0.24","13","$$","Rye-like","","","Canada","Blend"
"Wiser's Small Batch","8.57","0.27","11","$","Rye-like","","","Canada","Blend"
"Wiser’s 18yo","8.71","0.42","14","$$$","Rye-like","","","Canada","Blend"
"Wiser’s Red Letter","8.86","0.56","10","$$$$","Rye-like","","","Canada","Blend"
"Woodford Reserve bourbon","8.4","0.37","16","$$","Bourbon-like","","","USA","Bourbon"
"Woodford Reserve Double Oaked","8.77","0.28","8","$$$$","Bourbon-like","","","USA","Bourbon"
"Writers Tears Pot Still Irish Whiskey","8.55","0.4","11","$$","SingleMalt-like","EF","E","Ireland","Blend"
"Yamazaki 12yo","8.64","0.29","20","$$$$","SingleMalt-like","GH","G","Japan","Malt"
"Yamazaki 18yo","9.21","0.22","18","$$$$$","SingleMalt-like","ABC","C","Japan","Malt"
"Yamazaki Bourbon Barrel","8.81","0.24","9","$$$$$","SingleMalt-like","GH","G","Japan","Malt"
"Yamazaki Distiller's Edition (Reserve)","8.71","0.33","5","$$$$","SingleMalt-like","EF","E","Japan","Malt"
"Yamazaki Mizunara","8.98","0.21","8","$$$$$+","SingleMalt-like","EF","E","Japan","Malt"
"Yamazaki NAS","8.48","0.25","6","$$$$","SingleMalt-like","GH","G","Japan","Malt"
"Yamazaki Puncheon","8.68","0.25","9","$$$$$","SingleMalt-like","GH","G","Japan","Malt"
"Yamazaki Sherry Cask","9.08","0.5","9","$$$$$+","SingleMalt-like","ABC","A","Japan","Malt"
"Yellow Rose Straight Rye","8.55","0.12","3","$$$","Rye-like","","","USA","Rye"