PRODUCER,DISTILLER,NAME,AGE,PRICE
Aberfeldy,Aberfeldy,12 Year Old,12,$43.99 
Aberfeldy,Aberfeldy,21 Year Old,21,$179.99 
Aberlour,Aberlour,12 Year Old,12,$54.98
Aberlour,Aberlour,16 Year Old,16,$69.98
Aberlour,Aberlour,A'bunadh,,$79.98
AD Rattray,Blair Athol,22 Year Old,22,$139.99
Ainsley Brae,Ainsley Brae,Burgundy Cask,,$27.99
Ainsley Brae,Ainsley Brae,Glendullan 12 Year Old,12,$72.99
Ainsley Brae,Ainsley Brae,Royal Brackla 12 Year Old,12,$72.99
Ainsley Brae,Ainsley Brae,Sauternes Casks,,$27.99
Ainsley Brae,Ainsley Brae,Sherry Casks,,$27.99
anCnoc,anCnoc,12 Year Old,12,$49.99
Ardbeg,Ardbeg,10 Year Old,10,$44.98
Ardbeg,Ardbeg,Corryvreckan,,$84.98 
Ardbeg,Ardbeg,Perpetuum,,$99.99
Ardbeg,Ardbeg,Supernova 2015,,$159.99
Ardbeg,Ardbeg,Uigeadail,,$72.98
Ardmore,Ardmore,30 Year Old,30,$499.99
Ardmore,Ardmore,Legacy,,$37.99
Auchentoshan,Auchentoshan,12 Year Old,12,$64.99
Auchentoshan,Auchentoshan,18 Year Old,18,$139.99
Auchentoshan,Auchentoshan,21 Year Old,21,$164.99
Auchentoshan,Auchentoshan,American Oak,,$46.99
Auchentoshan,Auchentoshan,Three Wood,,$66.99
Balblair,Balblair,1991,,$124.99
Balblair,Balblair,2002,,$74.99
Balvenie,Balvenie,12 Year Doublewood,12,$39.98
Balvenie,Balvenie,12 Year Old Single Barrel,12,$69.98
Balvenie,Balvenie,14 Year Old Caribbean Rum Cask,14,$78.99
Balvenie,Balvenie,17 Year Old Doublewood,17,$159.99
Balvenie,Balvenie,21 Year Old Portwood Finished Scotch,21,$234.99
Balvenie,Balvenie,25 Year Old Single Barrel,25,$599.99
Balvenie,Balvenie,30 Year Old,30,$899.98
Balvenie,Balvenie,40 Year Old,40,$4999.98
Balvenie,Balvenie,Tun 1509 Batch 2,,$429.99
Battlehill,Bunnahabhain,21 Year Old,21,$114.99
Battlehill,Craigellachie,6 Year Old,6,$48.99
Battlehill,Glen Grant,17 Year Old,17,$74.99
Battlehill,Glen Moray,18 Year Old,18,$99.99
Battlehill,Glenrothes,20 Year Old,20,$114.99
Battlehill,Glentauchers,6 Year Old,6,$48.99
Battlehill,Imperial,17 Year Old,17,$89.99
Battlehill,Longmorn,20 Year Old,20,$99.99
Benriach,Benriach,12 Year Old,12,$54.99
Benriach,Benriach,16 Year Old,16,$84.99
Benriach,Benriach,20 Year Old,20,$134.99
Benriach,Benriach,Curiositas Peated 10 Year Old,10,$54.99
Benriach,Benriach,Heart of Speyside,,$39.99 
Benriach,Benriach,Horizons 12 Year Old,12,$69.99 
Benriach,Benriach,Solstice Heavily Peated Port Finished 17 Year Old,17,$89.99 
Benromach,Benromach,Hermitage Wood Finish 10 Year Old 2005,10,$84.99 
Benromach,Benromach,Organic,,$64.99 
Benromach,Benromach,Peat Smoke,,$69.99 
Benromach,Benromach,Sassacaia Wood Finish 9 Year Old 2006,9,$84.99 
Benromach,Benromach,Speyside 10 Year Old,10,$59.99 
Benromach,Benromach,Traditional,,$39.99 
Berry Bros and Rudd,Allt A Bhainne,Berrys' Allt A Bhainne 18 Year Old 1995,18,$114.99 
Berry Bros and Rudd,Auchroisk,Berrys' Auchroisk 24 Year Old 1990,24,$114.99 
Berry Bros and Rudd,Ben Nevis,Berrys' Ben Nevis 17 Year Old 1996,17,$117.99 
Berry Bros and Rudd,Benrinnes,Berrys' Benrinnes 17 Year Old 1997,17,$79.99 
Berry Bros and Rudd,Bunnahabhain,Berrys' Bunnahabhain 25 Year Old 1990,25,$139.99 
Berry Bros and Rudd,Bunnahabhain,Berry's Bunnahahain 7 Year Old Single Malt Whisky,7,$64.99 
Berry Bros and Rudd,Caperdonich,Berrys' Caperdonich 19 Year Old 1995,19,$119.99 
Berry Bros and Rudd,Dailuaine,Berrys' Dailuaine 14 Year Old,14,$74.99 
Berry Bros and Rudd,Glen Garioch,Berrys' Glen Garioch 23 Year Old 1991,23,$94.99 
Berry Bros and Rudd,Glen Moray,Berrys' Glen Moray 20 Year Old 1995,20,$89.99 
Berry Bros and Rudd,Glen Spey,Berrys' Glen Spey 12 Year Old,12,$69.99 
Berry Bros and Rudd,Glen Spey,Berrys' Glen Spey 24 Year Old 1990,24,$114.99 
Berry Bros and Rudd,Miltonduff,Berrys' Miltonduff 20 Year Old 1995,20,$99.99 
Berry Bros and Rudd,Speyside Distillery,Berrys' Speyside Distillery 19 Year Old 1995,19,$89.99 
Bowmore,Bowmore,15 Year Old Darkest,15,$69.99 
Bowmore,Bowmore,18 Year Old,18,$134.99 
Bowmore,Bowmore,25 Year Old,25,$499.99 
Bowmore,Bowmore,Dorus Mor 10 Year Old,10,$109.99 
Bowmore,Bowmore,Islay 12 Year Old,12,$49.99 
Bowmore,Bowmore,Islay Legend,,$32.99 
Bowmore,Bowmore,Small Batch Reserve,,$42.99 
Brora,Brora,37 Year Old 14th Release,37,$1979.99 
Bruichladdich,Bruichladdich,Black Art 4 23 Year Old,23,$399.99 
Bruichladdich,Bruichladdich,Islay Barley Rockside Farm 2007,,$69.99 
Bruichladdich,Bruichladdich,Octomore 06.1 Scottish Barley,,$146.99
Bruichladdich,Bruichladdich,Octomore 06.3 Islay Barley,,$199.99
Bruichladdich,Bruichladdich,Octomore Scottish Barley 7.1,,$149.99
Bruichladdich,Bruichladdich,Port Charlotte Heavily Peated 10 Year Old,10,$59.99
Bruichladdich,Bruichladdich,Port Charlotte Islay Barley,,$77.99
Bruichladdich,Bruichladdich,Port Charlotte Scottish Barley Heavily Peated,,$64.99
Bruichladdich,Bruichladdich,the Classic Laddie Scottish Barley,,$59.99
Bunnahabhain,Bunnahabhain,12 Year Old,12,$54.99
Bunnahabhain,Bunnahabhain,18 Year Old,18,$119.99
Bunnahabhain,Bunnahabhain,25 Year Old,25,$399.99
Bunnahabhain,Bunnahabhain,Ceobanach Intensely Peated,,$89.99
Bunnahabhain,Bunnahabhain,Toiteach,,$78.99
Cadenhead's,Bruichladdich,Bruichladdich 22 Year Old,22,$184.99
Cadenhead's,Glen Moray,Glen Moray 16 Year Old,16,$99.99
Cadenhead's,Strathclyde,Strathclyde 26 Year Old,26,$199.99
Caol Ila,Caol Ila,12 Year Old,12,$67.99
Caol Ila,Caol Ila,17 Year Old Unpeated Single Malt Whisky,17,$144.99
Cardhu,Cardhu,12 Year Old,12,$54.99
Ian Macleod Distillers,Glentauchers,Chieftain's 1992 Glentauchers Speyside 21 Year Old,21,$194.99
Ian Macleod Distillers,Laphroaig,Chieftain's 1998 Laphroaig Islay 15 Year Old,15,$149.99
Ian Macleod Distillers,Ian Macleod Distillers,Chieftain's Smokehead Islay Scotch,,$59.99
Clynelish,Clynelish,14 Year Old,14,$59.99
Clynelish,Clynelish,Select Reserve 2nd Edition 2015 Release,,$799.99
Cragganmore,Cragganmore,12 Year Old,12,$49.98
Cragganmore,Cragganmore,Distiller's Edition 2014,,$69.99
Craigellachie,Craigellachie,13 Year Old,13,$59.99
Dalmore,Dalmore,12 Year Old,12,$54.99
Dalmore,Dalmore,15 Year Old,15,$89.99
Dalmore,Dalmore,18 Year Old,18,$149.99
Dalmore,Dalmore,Cigar Malt Reserve,,$104.99
Dalmore,Dalmore,King Alexander III,,$214.99
Dalwhinnie,Dalwhinnie,15 Year Old,15,$59.99
Dalwhinnie,Dalwhinnie,25 Year Old Limited Edition,25,$499.99
Dalwhinnie,Dalwhinnie,Distillers Edition 16 Year Old 2014,16,$79.99
Deanston,Deanston,18 Year Old Cognac Finished,18,$179.99
Deanston,Deanston,30 Year Old,30,$299.99
Deanston,Deanston,Un-Chill Filtered 12 Year Old,12,$53.99
Deanston,Deanston,Virgin Oak Un-Chill Filtered,,$32.99
Balmenach Distillery,Balmenach Distillery,Deerstalker 10 Year Old,10,$54.99
Drumguish,Drumguish,Single Malt,,$21.99
Duncan Taylor,Glendronach,Three Generations 33 Year Old,33,$349.99
Edradour,Edradour,10 Year Old,10,$58.99
Edradour,Edradour,Ballechin 10 Year Old Heavily Peated Single Malt Whisky,10,$79.99 
The Creative Whisky Co.,Clynelish,Exclusive Casks Clynelish 17 Year Old 1996,17,$99.99
The Creative Whisky Co.,Dalmore,Exclusive Casks Dalmore 15 Year Old 1999,15,$94.99 
Edition Spirits,Auchentoshan,First Editions Auchentoshan 17 Year Old 1997,17,$204.99
Edition Spirits,Auchroisk,First Editions Auchroisk 23 Year Old 1990,23,$199.99 
Edition Spirits,Ben Nevis,First Editions Ben Nevis 16 Year Old 1998,16,$194.99
Edition Spirits,Blair Athol,First Editions Blair Athol 18 Year Old 1995,18,$179.99 
Edition Spirits,Bowmore,First Editions Bowmore 17 Year Old 1996,17,$144.99
Edition Spirits,Bunnahabhain,First Editions Bunnahabhain 22 Year Old 1991,22,$189.99
Edition Spirits,Clynelish,First Editions Clynelish 24 Year Old 1988,24,$189.99
Edition Spirits,Craigellachie,First Editions Craigellachie 19 Year Old 1995,19,$219.99
Edition Spirits,Glen Garioch,First Editions Glen Garioch 24 Year Old 1990,24,$259.99
Edition Spirits,Glen Grant,First Editions Glen Grant 23 Year Old 1991,23,$249.99
Edition Spirits,Glengoyne,First Editions Glengoyne 18 Year Old 1996,18,$229.99
Edition Spirits,Glenlivet,First Editions Glenlivet 17 Year Old 1996,17,$214.99
Edition Spirits,Glenrothes,First Editions Glenrothes 17 Year Old 1997,17,$194.99
Edition Spirits,Glenrothes,First Editions Glenrothes 23 Year Old 1989,23,$189.99
Edition Spirits,Inchgower,First Editions Inchgower 19 Year Old 1995,19,$219.99
Edition Spirits,Isle of Jura,First Editions Isle of Jura 21 Year Old 1992,21,$189.99
Edition Spirits,Longmorn,First Editions Longmorn 18 Year Old 1995,18,$214.99
Edition Spirits,Longmorn,First Editions Longmorn 21 Year Old 1992,21,$179.99
Edition Spirits,Longmorn,First Editions Longmorn 27 Year Old 1985,27,$214.99
Edition Spirits,Port Ellen,First Editions Port Ellen 31 Year Old,31,$3599.99
Edition Spirits,Speyside,First Editions Speyside 18 Year Old 1996,18,$154.99
Edition Spirits,Strathmill,First Editions Strathmill 23 Year Old 1989,23,$194.99
Glen Garioch,Glen Garioch,12 Year Old,12,$57.99
Glen Garioch,Glen Garioch,1797 Founders Reserve,,$48.99
Glen Grant,Glen Grant,10 Year Old,10,$44.99
Glen Grant,Glen Grant,16 Year Old,16,$79.99
Glen Kirk,Glen Kirk,Speyside 12 Year Old,12,$24.99
Glen Moray,Glen Moray,10 Year Chardonnay Cask,10,$38.99
Glen Moray,Glen Moray,12 Year Old,12,$32.98
Glen Moray,Glen Moray,16 Year Old,16,$59.99
Glen Moray,Glen Moray,25 Year Portwood Finished 1986,25,$229.99 
Glen Moray,Glen Moray,Classic,,$24.98 
Glen Moray,Glen Moray,Portwood Finish Single Malt Whisky,,$27.99
Glen Ness,Glen Ness,12 Year Old,12,$22.99
Glen Ness,Glen Ness,Glen Ness,,$19.98
Glencadam,Glencadam,10 Year Old,10,$89.99 
Glencadam,Glencadam,15 Year Old,15,$89.99 
Glendronach,Glendronach,12 Year Old,12,$52.99
Glendronach,Glendronach,15 Year Tawny Port Finished,15,$79.99
Glendronach,Glendronach,18 Year Old,18,$134.99
Glendronach,Glendronach,Cask Strength,,$87.99
Glendronach,Glendronach,Parliament 21 Year Old,21,$169.99
Glenfarclas,Glenfarclas,10 Year Old,10,$36.98
Glenfarclas,Glenfarclas,105 Cask Strength,,$89.99
Glenfarclas,Glenfarclas,12 Year Old,12,$57.99
Glenfarclas,Glenfarclas,17 Year Old,12,$99.99
Glenfarclas,Glenfarclas,21 Year Old,21,$124.99
Glenfarclas,Glenfarclas,25 Year Old,25,$159.99
Glenfiddich,Glenfiddich,12 Year Old,12,$29.98
Glenfiddich,Glenfiddich,15 Year Solera Reserve,15,$59.99
Glenfiddich,Glenfiddich,18 Year Old,18,$99.98
Glenfiddich,Glenfiddich,1978 Rare Cask 36 Year Old,36,$3999.99
Glenfiddich,Glenfiddich,21 Year Old,21,$199.99
Glenfiddich,Glenfiddich,40 Year Old 2014,40,$3799.99
Glenfiddich,Glenfiddich,Bourbon Barrel Reserve 14 Year Old,14,$59.99
Glenfiddich,Glenfiddich,Excellence 26 Year Old,26,$499.99
Glenfiddich,Glenfiddich,The Original Retro 1963,,$99.99
Glenglassaugh,Glenglassaugh,34 Year Scotch 2011,34,$729.99
Glenglassaugh,Glenglassaugh,Evolution,,$72.99
Glenglassaugh,Glenglassaugh,Revival,,$69.99
Glenglassaugh,Glenglassaugh,Torfa,,$64.99
Glengoyne,Glengoyne,10 Year Old,10,$44.99
Glengoyne,Glengoyne,12 Year Old,12,$59.98
Glengoyne,Glengoyne,15 Year Old,15,$69.99
Glengoyne,Glengoyne,18 Year Old,18,$107.99
Glengoyne,Glengoyne,21 Year Old,21,$149.99
Glenkinchie,Glenkinchie,12 Year Old,12,$54.99
Glenkinchie,Glenkinchie,13 Year Distiller's Edition 2014,13,$76.99
Glenmorangie,Glenmorangie,18 Year Old,18,$94.98
Glenmorangie,Glenmorangie,25 Year Old,25,$709.99
Glenmorangie,Glenmorangie,Lasanta,,$59.99
Glenmorangie,Glenmorangie,Milsean Private Edition,,$109.99
Glenmorangie,Glenmorangie,Nectar D'or,,$87.99
Glenmorangie,Glenmorangie,Original 10 Year Old,10,$34.98
Glenmorangie,Glenmorangie,Pioneering Collection Sampler Pack,,$42.99
Glenmorangie,Glenmorangie,Pride '1981',,$5799.99
Glenmorangie,Glenmorangie,Quinta Ruban,,$59.99
Glenmorangie,Glenmorangie,Signet,,$199.99
Glenmorangie,Glenmorangie,Tusail,,$109.99
Glenrothes,Glenrothes,1995,,$89.98
Glenrothes,Glenrothes,1998,,$76.99
Glenrothes,Glenrothes,2001,,$69.99
Glenrothes,Glenrothes,Alba Reserve,,$59.99
Glenrothes,Glenrothes,Select Reserve,,$52.99 
Glenrothes,Glenrothes,Sherry Cask Reserve,,$59.99
Gordon and MacPhail,Aberfeldy,15 Year Old 1991,15,$79.99
Gordon and MacPhail,Bunnahabhain,8 Year Old Single Malt Whisky,8,$44.99
Gordon and MacPhail,Caol Ila,10 Year Old,10,$74.99
Gordon and MacPhail,Caol Ila,Cask Strength 9 Year Old 2004,9,$99.99
Gordon and Macphail,Dailuaine,12 Year Old Scotch 1995,12,$74.99
Gordon and MacPhail,Mortlach,Generations Mortlach 75 Year Old,75,$31000.00
Gordon and MacPhail,Glen Grant,10 Year Old,10,$49.99
Gordon and Macphail,Glen Grant,12 Year Old Scotch,12,$64.99
Gordon and MacPhail,Glen Grant,40 Year Old 1965,40,$1119.99
Gordon and Macphail,Glenlivet,15 Year Old Scotch,15,$99.99
Gordon and MacPhail,Highland Park,24 Year Old,24,$209.99
Gordon and MacPhail,Linkwood,15 Year Old,15,$79.99
Gordon and MacPhail,Linkwood,Cote Rotie 17 Year Old Single Malt Whisky 1998,17,$139.99
Gordon and Macphail,Miltonduff,10 Year Old Scotch,10,$62.99
Gordon and MacPhail,Mortlach,25 Year Old,25,$334.99
Gordon and MacPhail,Old Pulteney,21 Year Old,21,$149.99
Gordon and MacPhail,Scapa,10 Year Old,10,$74.99
Gordon and MacPhail,Glenlivet,Speymalt Glenlivet 40 Year Old 1973,40,$489.99
Gordon and MacPhail,Macallan,Speymalt 18 Year Old 1995,18,$174.99
Gordon and MacPhail,Macallan,Speymalt 42 Year Old 1972,42,$1149.99
Gordon and MacPhail,Macallan,Speymalt 9 Year Old 2002,9,$74.99
Grangestone,Grangestone,18 Year Old,18,$56.98
Grangestone,Grangestone,21 Year Old,21,$59.98
Grangestone,Grangestone,Bourbon Cask Double Cask Matured,,$19.98
Angus Dundee,Angus Dundee,Hamiltons Highland Whisky,,$19.99
Angus Dundee,Angus Dundee,Hamiltons Lowland Whisky,,$19.99
J and A Mitchell and Co. Ltd.,Springbank,Hazelburn 12 Year Old,12,$89.99
Highland Park,Highland Park,12 Year Old,12,$59.99
Highland Park,Highland Park,15 Year Old,15,$79.98
Highland Park,Highland Park,18 Year Old,18,$124.99
Highland Park,Highland Park,25 Year Old,25,$599.99
Highland Park,Highland Park,30 Year Old,30,$899.99
Highland Park,Highland Park,Dark Origins,,$84.99
Highland Park,Highland Park,Odin 16 Year Old,16,$429.99 
Isle of Jura,Isle of Jura,21 Year Old,21,$134.99 
Isle of Jura,Isle of Jura,Brooklyn,,$59.99 
Isle of Jura,Isle of Jura,Origin 10 Year Old,10,$39.98 
Isle of Jura,Isle of Jura,Prophecy,,$79.99
Isle of Jura,Isle of Jura,Superstition,,$49.99
Kilchoman,Kilchoman,Impex Sherry Finish Single Barrel,,$119.99
Kilchoman,Kilchoman,Loch Gorm,,$89.99 
Kilchoman,Kilchoman,Machir Bay,,$49.98 
Glengyle Distillery,Glengyle Distillery,Kilkerran Bourbon Cask,,$66.99 
Glengyle Distillery,Glengyle Distillery,Kilkerran Work in Progress #7 Sherry Wood Finished Single Malt Whisky,,$67.99 
Lagavulin,Lagavulin,12 Year Old Cask Strength 2015,12,$114.99 
Lagavulin,Lagavulin,16 Year Old,16,$87.99 
Lagavulin,Lagavulin,Distiller's Edition 2014,,$109.99 
Laphroaig,Laphroaig,10 Year Cask Strength Batch 6 2014,10,$69.99 
Laphroaig,Laphroaig,10 Year Old,10,$44.98 
Laphroaig,Laphroaig,15 Year Old 200 Year Anniversary Limited Edition,15,$84.99 
Laphroaig,Laphroaig,18 Year Old,18,$89.99 
Laphroaig,Laphroaig,25 Year Cask Strength 2014,25,$549.99 
Laphroaig,Laphroaig,32 Year Old,32,$1244.99 
Laphroaig,Laphroaig,Cairdeas 200th Anniversary,,$79.99 
Laphroaig,Laphroaig,Quarter Cask,,$49.99 
Laphroaig,Laphroaig,Select,,$49.98 
Laphroaig,Laphroaig,Triple Wood,,$64.98 
Tobermory Distillery,Tobermory Distillery,Ledaig 10 Year Old,10,$64.99
Tobermory Distillery,Tobermory Distillery,Ledaig 18 Year Old Oloroso Sherry Finished Whisky,18,$174.99
William Lundie and Co.,,Lismore 100 Proof,,$32.99
William Lundie and Co.,,Lismore 15 Year Old,15,$48.99
William Lundie and Co.,,Lismore 18 Year Old,18,$67.99
William Lundie and Co.,,Lismore Legend 21 Year Old,21,$114.99
William Lundie and Co.,,Lismore,,$22.99
Longmorn,Longmorn,16 Year Old,16,$99.99 
J and A Mitchell and Co. Ltd.,Springbank,Longrow 18 Year Old,18,$229.99 
J and A Mitchell and Co. Ltd.,Springbank,Longrow Peated,,$59.99 
J and A Mitchell and Co. Ltd.,Springbank,Longrow Red 12 Year Old Pinot Noir Cask Single Malt Whisky,12,$109.99 
McClelland's,,Highland,,$27.98 
McClelland's,,Islay,,$27.98 
McClelland's,,Lowland,,$27.98
McClelland's,,Speyside,,$27.98 
Montgomerie's,Aberfeldy,18 Year Old 1996,18,$99.99
Montgomerie's,Ben Nevis,18 Year Old 1995,18,$79.99
Montgomerie's,Caol Ila,18 Year Old 1996,18,$114.98
Montgomerie's,Glen Moray,16 Year Old 1997,16,$89.99
Montgomerie's,Glen Ord,17 Year Old 1997,17,$89.99
Montgomerie's,Tobermory,19 Year Old 1994,19,$96.99
Mortlach,Mortlach,18 Year Old,18,$329.99
Mortlach,Mortlach,25 Year Old,25,$899.98
Mortlach,Mortlach,Rare Old Single Malt Whisky,,$139.99
Oban,Oban,14 Year Old,14,$69.98
Oban,Oban,18 Year Old,18,$129.99
Oban,Oban,Distiller's Edition 2015,,$89.99
Oban,Oban,Little Bay,,$72.99
Old Pulteney,Old Pulteney,12 Year Old,12,$49.99
Old Pulteney,Old Pulteney,17 Year Old,17,$119.99
Old Pulteney,Old Pulteney,21 Year Old,21,$129.99
Port Ellen,Port Ellen,32 Year Old 15th Release,32,$3399.99
Samaroli,Caol Ila,Coilltean 31 Year Old 1980,31,$339.99
Samaroli,Linkwood,Coilltean 28 Year Old 1983,28,$369.99 
Scapa,Scapa,16 Year Old,16,$89.99 
Scott's Selection,Bunnahabhain,1977 28 Year Scotch,28,$224.99 
Scott's Selection,Glen Elgin,1980 25 Year Scotch,25,$149.99 
Scott's Selection,Glenlivet,1977 27 Year Scotch,27,$199.99 
Scott's Selection,Highland Park,1986 21 Year Scotch,21,$219.99 
Scott's Selection,Littlemill,1984 20 Year Old,20,$179.99 
Scott's Selection,Macallan,1989 18 Year Old,18,$262.99 
William Maxwell and Co.,,Shieldaig 18 Year Old,18,$41.98 
William Maxwell and Co.,,Shieldaig Highland Peaty,,$18.99 
William Maxwell and Co.,,Shieldaig Islay Single Malt Whisky,,$17.99 
William Maxwell and Co.,,Shieldaig Speyside 12 Year Old,12,$29.98 
William Maxwell and Co.,,Shieldaig Speyside,,$17.99
Signatory Vintage,Allt-a-Bhainne,Signatory Allt-a-Bhainne 18 Year Old 1995,18,$74.99
Signatory Vintage,Balmenach,Signatory Balmenach 25 Year Old Cask Strength Single Malt Whisky 1988,25,$199.99
Signatory Vintage,Ben Nevis,Signatory Ben Nevis 23 Year Old Cask Strength Single Malt Whisky 1991,23,$144.99
Signatory Vintage,Bruichladdich,Signatory Bruichladdich 22 Year Old 1992,22,$139.99
Signatory Vintage,Bunnahabhain,Signatory Bunnahabhain Moine Heavily Peated 7 Year Old 2008,7,$74.99
Signatory Vintage,Caol Ila,Signatory Caol Ila 11 Year Old Single Malt Whisky 2003,11,$114.99
Signatory Vintage,Caol Ila,Signatory Caol Ila 7 Year Old 2008,7,$89.99
Signatory Vintage,Clynelish,Signatory Clynelish 16 Year Old 1998,16,$74.99
Signatory Vintage,Edradour,Signatory Edradour 11 Year Old 2002,11,$82.99
Signatory Vintage,Glenrothes,Signatory Glenrothes 15 Year Old Single Malt Whisky 1999,15,$69.99
Signatory Vintage,Imperial,Signatory Imperial 19 Year Old 1995,19,$87.99
Signatory Vintage,Linkwood,Signatory Linkwood 7 Year Old Single Malt Whisky 2008,7,$64.99
Signatory Vintage,Mortlach,Signatory Mortlach 7 Year Old 2008,7,$64.99
Singleton,Singleton,Singleton of Glendullan 38 Year Old,38,$1274.98
Speyburn,Speyburn,10 Year Old,10,$32.99
Speyburn,Speyburn,Bradan Orach,,$24.99 
Springbank,Springbank,10 Year Old,10,$64.99 
Springbank,Springbank,12 Year Cask Strength,12,$89.99 
Springbank,Springbank,15 Year Old,15,$109.99 
Springbank,Springbank,17 Year Old Sherry Wood Single Malt Whisky,17,$149.99 
Springbank,Springbank,18 Year Old,18,$159.99 
Springbank,Springbank,Green 12 Year Old,12,$109.99 
Springbank,Springbank,Green 13 Year Old,13,$109.99 
Benrinnes Distillery,Benrinnes Distillery,Stronachie 10 Year Old,10,$54.99 
Talisker,Talisker,10 Year Old,10,$52.98 
Talisker,Talisker,12 Year Distillers Edition 2014,12,$79.99 
Talisker,Talisker,18 Year Old,18,$174.99 
Talisker,Talisker,Storm,,$59.99 
Tamdhu,Tamdhu,10 Year Old,10,$64.99
Tamdhu,Tamdhu,Batch Strength Single Malt Whisky,,$97.99
Arran Malt,Arran Malt,14 Year Old,14,$79.99
Arran Malt,Arran Malt,18 Year Old,18,$134.99
Arran Malt,Arran Malt,Amarone Cask,,$84.99
Arran Malt,Arran Malt,Machrie Moor Peated,,$73.99
Arran Malt,Arran Malt,Port Cask,,$84.99
Arran Malt,Arran Malt,Sauternes Cask,,$84.99
Arran Malt,Arran Malt,Sherry Cask Finished,17,$109.99
Arran Malt,Arran Malt,Single Bourbon Cask,,$109.99
Arran Malt,Arran Malt,Single Malt 10 Year Unchill Filtered Scotch,10,$54.99
Arran Malt,Arran Malt,the Devil's Punch Bowl #3- The Fiendish Finale,,$129.99 
Glenlivet,Glenlivet,12 Year Old,12,$36.98 
Glenlivet,Glenlivet,15 Year French Oak Finished Scotch,15,$69.99
Glenlivet,Glenlivet,16 Year Nadurra,16,$74.99
Glenlivet,Glenlivet,18 Year Old,18,$96.99
Glenlivet,Glenlivet,21 Year Archive,21,$244.99 
Glenlivet,Glenlivet,Nadurra Cask Strength Oloroso Sherry Finished,,$79.99 
Glenlivet,Glenlivet,XXV 25 Year Old,25,$434.99 
Glenturret,Glenturret,27 Year Old,27,$219.99 
Macallan,Macallan,Fine Oak 17 Year Old,17,$229.99 
Macallan,Macallan,1824 Masters Series Rare Cask,,$319.99 
Macallan,Macallan,1824 Series No. 6 in Lalique,,$4799.99 
Macallan,Macallan,1824 Series Reflexion,,$1299.99 
Macallan,Macallan,Fine Oak 10 Year Old,10,$49.98 
Macallan,Macallan,Fine Oak 15 Year Old,15,$109.99 
Macallan,Macallan,Fine Oak 21 Year Old,21,$449.99 
Macallan,Macallan,Fine Oak 30 Year Old,30,$2499.99 
Macallan,Macallan,M 1824 Series,,$4989.99 
Macallan,Macallan,Sherry Cask 12 Year Old,12,$54.98 
Macallan,Macallan,Sherry Cask 18 Year Old,18,$249.99
Macallan,Macallan,Sherry Cask 25 Year Old,25,$1499.99
Macallan,Macallan,Sherry Cask 30 Year Old,30,$2499.99
Torran,Torran,Highland,,$19.99
Tobermory,Tobermory,10 Year Un-chill Filtered,10,$62.99
Tobermory,Tobermory,15 Year Old,15,$159.99
Tomatin,Tomatin,12 Year Old,12,$29.98
Tomatin,Tomatin,18 Year Old,18,$79.99
Tomatin,Tomatin,Cu Bocan,,$49.99
Tomatin,Tomatin,Cuatro Series 12 Year Old Fino Sherry Finished,12,$64.99
Tomatin,Tomatin,Cuatro Series 12 Year Old Manzanilla Sherry Finished,12,$64.99
Tomatin,Tomatin,Cuatro Series 12 Year Old Oloroso Sherry Finished,12,$64.99
Tomatin,Tomatin,Cuatro Series 12 Year Old Pedro Ximenez Finished,12,$64.99
Tomatin,Tomatin,Dualchas,,$24.99
Tomatin,Tomatin,French Oak Finished 12 Year Old,12,$49.99
Tomatin,Tomatin,Portwood Finished 14 Year Old,14,$59.99
Tullibardine,Tullibardine,20 Year Old,20,$199.99
Tullibardine,Tullibardine,225 Sauternes Finished,,$66.99
Tullibardine,Tullibardine,228 Burgundy Finished,,$66.99
Tullibardine,Tullibardine,500 Sherry Finished,,$66.99
Tullibardine,Tullibardine,Sovereign,,$54.99
Wemyss,Wemyss,Malts Smoke Bluff 12 Year Old,12,$134.99
