update scotch set distillery=15,  meta_critic=8.17, stdev=0.29, super_cluster='EF',  cluster='E' where name='12 Year Old' and distillery=15;
update scotch set distillery=15,  meta_critic=8.78, stdev=0.19, super_cluster='EF',  cluster='E' where name='21 Year Old' and distillery=15;

update scotch set distillery=2,   meta_critic=8.26, stdev=0.45, super_cluster='ABC', cluster='C' where name='10 Year Old' and distillery=2;
update scotch set distillery=2,   meta_critic=8.38, stdev=0.18, super_cluster='ABC', cluster='B' where name='12yo Double Cask Matured' and distillery=2;
update scotch set distillery=2,   meta_critic=8.77, stdev=0.23, super_cluster='ABC', cluster='B' where name='12yo Non-Chill-Filtered' and distillery=2;
update scotch set distillery=2,   meta_critic=8.74, stdev=0.18, super_cluster='ABC', cluster='A' where name='16yo Double Cask Matured' and distillery=2;
update scotch set distillery=2,   meta_critic=8.78, stdev=0.29, super_cluster='ABC', cluster='A' where name='18 Year Old' and distillery=2;
update scotch set distillery=2 ,  meta_critic=9.0,  stdev=0.22, super_cluster='ABC', cluster='A' where name='A''Bunadh' distillery=2;

update scotch set distillery=60,  meta_critic=8.67, stdev=0.38, super_cluster='GH',  cluster='H' where name='12 Year Old' and distillery=60;
update scotch set distillery=60,  meta_critic=8.66, stdev=0.37, super_cluster='GH',  cluster='G' where name='16 Year Old' and distillery=60;
update scotch set distillery=60,  meta_critic=8.86, stdev=0.25, super_cluster='ABC', cluster='C' where name='22 Year Old' and distillery=60;
update scotch set distillery=60,  meta_critic=8.72, stdev=0.29, super_cluster='J',   cluster='J' where name='Flaughter' and distillery=60;
update scotch set distillery=60,  meta_critic=8.47, stdev=0.33, super_cluster='GH',  cluster='G' where name='Peter Arkle (all releases)' and distillery=60;
update scotch set distillery=60,  meta_critic=9.03, stdev=0.29, super_cluster='J',   cluster='J' where name='Rutter' and distillery=60;

update scotch set distillery=3,   meta_critic=9.02, stdev=0.34, super_cluster='J',   cluster='J' where name='10 Year Old' and distillery=3;
update scotch set distillery=3,   meta_critic=0.14, stdev=0.0,  super_cluster='J',   cluster='J' where name='Alligator	9.1' and distillery=3;
update scotch set distillery=3,   meta_critic=9.08, stdev=0.48, super_cluster='J',   cluster='J' where name='Ardbog The Ultimate' and distillery=3;
update scotch set distillery=3,   meta_critic=9.22, stdev=0.26, super_cluster='J',   cluster='J' where name='Corryvreckan' and distillery=3;
update scotch set distillery=3,   meta_critic=8.59, stdev=0.51, super_cluster='ABC', cluster='C' where name='Galileo' and distillery=3;
update scotch set distillery=3,   meta_critic=8.91, stdev=0.33, super_cluster='J',   cluster='J' where name='Perpetuum' and distillery=3;
update scotch set distillery=3,   meta_critic=9.11, stdev=0.33, super_cluster='J',   cluster='J' where name='Supernova 2014' and distillery=3;
update scotch set distillery=3,   meta_critic=9.15, stdev=0.34, super_cluster='J',   cluster='J' where name='Supernova 2015' and distillery=3;
update scotch set distillery=3,   meta_critic=9.25, stdev=0.45, super_cluster='J',   cluster='J' where name='Uigeadail' and distillery=3;

update scotch set distillery=4,   meta_critic=8.58, stdev=0.19, super_cluster='I',   cluster='I' where name='Traditional Cask' and distillery=4;

update scotch set distillery=61,  meta_critic=8.58, stdev=0.35, super_cluster='GH',  cluster='G' where name='10 Year Old' and distillery=61;
update scotch set distillery=61,  meta_critic=8.72, stdev=0.29, super_cluster='GH',  cluster='G' where name='14 Year Old' and distillery=61;
update scotch set distillery=61,  meta_critic=8.83, stdev=0.41, super_cluster='ABC', cluster='B' where name='Amarone Cask Finish' and distillery=61;
update scotch set distillery=61,  meta_critic=8.62, stdev=0.45, super_cluster='ABC', cluster='C' where name='Madeira Wine Cask' and distillery=61;
update scotch set distillery=61,  meta_critic=8.59, stdev=0.41, super_cluster='ABC', cluster='C' where name='Port Cask Finish' and distillery=61;
update scotch set distillery=61,  meta_critic=8.51, stdev=0.36, super_cluster='EF',  cluster='E' where name='Sauternes Finish' and distillery=61;
update scotch set distillery=61,  meta_critic=8.22, stdev=0.52, super_cluster='ABC', cluster='C' where name='Sherry Cask' and distillery=61;
update scotch set distillery=61,  meta_critic=8.17, stdev=0.63, super_cluster='EF',  cluster='F' where name='Robert Burns Single Malt' and distillery=61;

update scotch set distillery=1,   meta_critic=7.82, stdev=0.33, super_cluster='GH',  cluster='H' where name='10 Year Old' and distillery=1;
update scotch set distillery=1,   meta_critic=8.32, stdev=0.27, super_cluster='EF',  cluster='E' where name='12 Year Old' and distillery=1;
update scotch set distillery=1,   meta_critic=8.43, stdev=0.0,  super_cluster='EF',  cluster='E' where name='18 Year Old' and distillery=1;
update scotch set distillery=1,   meta_critic=8.75, stdev=0.34, super_cluster='EF',  cluster='E' where name='21 Year Old' and distillery=1;
update scotch set distillery=1,   meta_critic=7.5,  stdev=0.93, super_cluster='GH',  cluster='H' where name='American Oak	7.5' and distillery=1;
update scotch set distillery=1,   meta_critic=7.92, stdev=0.39, super_cluster='GH',  cluster='H' where name='Classic' and distillery=1;
update scotch set distillery=1,   meta_critic=8.23, stdev=0.44, super_cluster='ABC', cluster='A' where name='Three Wood' and distillery=1;
update scotch set distillery=1,   meta_critic=8.19, stdev=0.74, super_cluster='GH',  cluster='H' where name='Valinch' and distillery=1;
update scotch set distillery=1,   meta_critic=8.22, stdev=0.59, super_cluster='GH',  cluster='H' where name='Virgin Oak' and distillery=1;

update scotch set distillery=65,  meta_critic=8.11, stdev=0.14, super_cluster='EF',  cluster='E' where name='10yo (F&F)' and distillery=65;

update scotch set distillery=111, meta_critic=8.37, stdev=0.17, super_cluster='GH',  cluster='H' where name='12 Year Old' and distillery=111;

update scotch set distillery=5,   meta_critic=8.62, stdev=0.43, super_cluster='ABC', cluster='C' where name='1989' and distillery=5;
update scotch set distillery=5,   meta_critic=8.38, stdev=0.33, super_cluster='GH',  cluster='H' where name='2000' and distillery=5;

update scotch set distillery=6,   meta_critic=8.45, stdev=0.38, super_cluster='ABC', cluster='A' where name='12yo Doublewood' and distillery=6;
update scotch set distillery=6,   meta_critic=8.69, stdev=0.42, super_cluster='EF',  cluster='E' where name='12yo Single Barrel' and distillery=6;
update scotch set distillery=6,   meta_critic=8.24, stdev=0.45, super_cluster='ABC', cluster='A' where name='12yo Triple Cask' and distillery=6;
update scotch set distillery=6,   meta_critic=8.51, stdev=0.42, super_cluster='EF',  cluster='F' where name='14yo Carribean Cask' and distillery=6;
update scotch set distillery=6,   meta_critic=8.88, stdev=0.27, super_cluster='GH',  cluster='G' where name='15yo Single Barrel (Cask)' and distillery=6;
update scotch set distillery=6,   meta_critic=8.65, stdev=0.27, super_cluster='ABC', cluster='A' where name='16yo Triple Cask' and distillery=6;
update scotch set distillery=6,   meta_critic=8.72, stdev=0.27, super_cluster='ABC', cluster='C' where name='17yo Doublewood' and distillery=6;
update scotch set distillery=6,   meta_critic=8.76, stdev=0.41, super_cluster='ABC', cluster='A' where name='21yo Port Wood' and distillery=6;
update scotch set distillery=6,   meta_critic=9.19, stdev=0.33, super_cluster='ABC', cluster='A' where name='TUN 1401 (all 8 batches)' and distillery=6;
update scotch set distillery=6,   meta_critic=9.06, stdev=0.24, super_cluster='ABC', cluster='B' where name='TUN 1509 (both batches)' and distillery=6;

update scotch set distillery=51,  meta_critic=8.17, stdev=0.46, super_cluster='ABC', cluster='C' where name='10 Year Old' and distillery=51;

update scotch set distillery=106, meta_critic=8.6,  stdev=0.12, super_cluster='GH',  cluster='G' where name='10 Year Old' and distillery=106;
update scotch set distillery=106, meta_critic=8.59, stdev=0.32, super_cluster='I',   cluster='I' where name='10yo Curiositas' and distillery=106;
update scotch set distillery=106  meta_critic=8.4   stdev=0.3,  super_cluster='GH',  cluster='G' where name= '12 Year Old' and distillery=106 ;
update scotch set distillery=106, meta_critic=8.73, stdev=0.23, super_cluster='ABC', cluster='B' where name='12yo Matured in Sherry Wood' and distillery=106;
update scotch set distillery=106, meta_critic=8.53, stdev=0.23, super_cluster='ABC', cluster='C' where name='15yo Tawny Port Finish' and distillery=106;
update scotch set distillery=106, meta_critic=8.55, stdev=0.59, super_cluster='J',   cluster='J' where name='17yo Septendecim Peated' and distillery=106;
update scotch set distillery=106, meta_critic=8.93, stdev=0.25, super_cluster='ABC', cluster='C' where name='17yo Solstice 1st Peated Port Finish' and distillery=106;
update scotch set distillery=106, meta_critic=8.9,  stdev=0.51, super_cluster='ABC', cluster='C' where name='17yo Solstice 2nd Peated Port Finish' and distillery=106;
update scotch set distillery=106, meta_critic=8.94, stdev=0.34, super_cluster='ABC', cluster='C' where name='17yo Solstice Peated Port (both editions)' and distillery=106;
update scotch set distillery=106, meta_critic=8.74, stdev=0.23, super_cluster='J',   cluster='J' where name='18yo Dunder' and distillery=106;
update scotch set distillery=106, meta_critic=8.24, stdev=0.77, super_cluster='GH',  cluster='G' where name='20 Year Old' and distillery=106;
update scotch set distillery=106, meta_critic=8.82, stdev=0.49, super_cluster='EF',  cluster='E' where name='25 Year Old' and distillery=106;
update scotch set distillery=106, meta_critic=8.28, stdev=0.41, super_cluster='I',   cluster='I' where name='Birnie Moss' and distillery=106;

update scotch set distillery=49,  meta_critic=7.91, stdev=0.8,  super_cluster='ABC', cluster='C' where name='15yo F&F' and distillery=49;

update scotch set distillery=64,  meta_critic=8.74, stdev=0.3,  super_cluster='I',   cluster='I' where name='10 Year Old' and distillery=64;
update scotch set distillery=64,  meta_critic=8.49, stdev=0.27, super_cluster='J',   cluster='J' where name='Peat Smoke' and distillery=64;

update scotch set distillery=108, meta_critic=8.41, stdev=0.56, super_cluster='ABC', cluster='C' where name='12yo (F&F)' and distillery=108;

update scotch set distillery=7,   meta_critic=8.41, stdev=0.25, super_cluster='I',   cluster='I' where name='12 Year Old' and distillery=7;
update scotch set distillery=7,   meta_critic=8.6   stdev=0.36, super_cluster='ABC', cluster='C' where name='15 Darkest' and distillery=7;
update scotch set distillery=7,   meta_critic=9.05, stdev=0.18, super_cluster='ABC', cluster='C' where name='15 Laimrig' and distillery=7;
update scotch set distillery=7,   meta_critic=8.57, stdev=0.47, super_cluster='I',   cluster='I' where name='18 Year Old' and distillery=7;
update scotch set distillery=7,   meta_critic=8.96, stdev=0.48, super_cluster='ABC', cluster='C' where name='25 Year Old' and distillery=7;
update scotch set distillery=7,   meta_critic=8.45, stdev=0.32, super_cluster='I',   cluster='I' where name='Small Batch' and distillery=7;
update scotch set distillery=7,   meta_critic=8.84, stdev=0.22, super_cluster='I',   cluster='I' where name='Tempest 10 Year Old' and distillery=7;

update scotch set distillery=74,  meta_critic=8.79, stdev=0.48, super_cluster='J',   cluster='J' where name='21 Year Old' and distillery=74;
update scotch set distillery=74,  meta_critic=9.36, stdev=0.22, super_cluster='J',   cluster='J' where name='30 Year Old' and distillery=74;
update scotch set distillery=74,  meta_critic=9.52, stdev=0.41, super_cluster='J',   cluster='J' where name='35 Year Old' and distillery=74;

update scotch set distillery=47,  meta_critic=8.45, stdev=0.61, super_cluster='EF',  cluster='E' where name='Black Art 4 1990' and distillery=47;
update scotch set distillery=47,  meta_critic=8.44, stdev=0.61, super_cluster='GH',  cluster='G' where name='Laddie Classic' and distillery=47;
update scotch set distillery=47,  meta_critic=8.87, stdev=0.36, super_cluster='I',   cluster='I' where name='Laddie Ten' and distillery=47;
update scotch set distillery=47,  meta_critic=8.73, stdev=0.28, super_cluster='J',   cluster='J' where name='Octomore 6.1' and distillery=47;
update scotch set distillery=47,  meta_critic=9.02, stdev=0.39, super_cluster='J',   cluster='J' where name='Octomore 7.1' and distillery=47;
update scotch set distillery=47,  meta_critic=8.74, stdev=0.23, super_cluster='I',   cluster='I' where name='Port Charlotte 10yo Heavily Peated' and distillery=47;
update scotch set distillery=47,  meta_critic=8.82, stdev=0.33, super_cluster='I',   cluster='I' where name='Port Charlotte An Turas Mor' and distillery=47;
update scotch set distillery=47,  meta_critic=9.01, stdev=0.54, super_cluster='I',   cluster='I' where name='Port Charlotte PC10 Tro Na Linntean' and distillery=47;
update scotch set distillery=47,  meta_critic=8.85, stdev=0.26, super_cluster='I',   cluster='I' where name='Port Charlotte Scottish Barley' and distillery=47;
update scotch set distillery=47,  meta_critic=8.65, stdev=0.3,  super_cluster='J',   cluster='J' where name='Port Charlotte The Peat Project' and distillery=47;

update scotch set distillery=8,   meta_critic=8.53, stdev=0.37, super_cluster='EF',  cluster='F' where name='12 Year Old' and distillery=8;
update scotch set distillery=8,   meta_critic=8.9,  stdev=0.36, super_cluster='ABC', cluster='C' where name='18 Year Old' and distillery=8;
update scotch set distillery=8,   meta_critic=8.9,  stdev=0.28, super_cluster='ABC', cluster='A' where name='25 Year Old' and distillery=8;
update scotch set distillery=8,   meta_critic=8.78, stdev=0.31, super_cluster='J',   cluster='J' where name='Ceòbanach' and distillery=8;
update scotch set distillery=8,   meta_critic=8.55, stdev=0.43, super_cluster='J',   cluster='J' where name='Toiteach' and distillery=8;

update scotch set distillery=53,  meta_critic=8.74, stdev=0.2,  super_cluster='I',   cluster='I' where name='12 Year Old' and distillery=53;
update scotch set distillery=53,  meta_critic=8.66, stdev=0.54, super_cluster='I',   cluster='I' where name='18 Year Old' and distillery=53;
update scotch set distillery=53,  meta_critic=9.34, stdev=0.25, super_cluster='I',   cluster='I' where name='30 Year Old' and distillery=53;
update scotch set distillery=53,  meta_critic=8.74, stdev=0.39, super_cluster='J',   cluster='J' where name='Distiller's Edition (all editions)' and distillery=53;

update scotch set distillery=9,   meta_critic=8.12, stdev=0.49, super_cluster='GH',  cluster='H' where name='12 Year Old' and distillery=9;
update scotch set distillery=9,   meta_critic=8.28, stdev=0.28, super_cluster='GH',  cluster='H' where name='Amber Rock' and distillery=9;

update scotch set distillery=10,  meta_critic=8.81, stdev=0.27, super_cluster='EF',  cluster='F' where name='14 Year Old' and distillery=10;

update scotch set distillery=11,  meta_critic=8.33, stdev=0.39, super_cluster='EF',  cluster='E' where name='12 Year Old' and distillery=11;
update scotch set distillery=11,  meta_critic=9.11, stdev=0.05, super_cluster='EF',  cluster='E' where name='25 Year Old' and distillery=11;

update scotch set distillery=12,  meta_critic=8.46, stdev=0.36, super_cluster='GH',  cluster='G' where name='13 Year Old' and distillery=12;
update scotch set distillery=12,  meta_critic=8.31, stdev=0.29, super_cluster='EF',  cluster='F' where name='14 Year Old' and distillery=12;
update scotch set distillery=12,  meta_critic=8.58, stdev=0.31, super_cluster='EF',  cluster='E' where name='17 Year Old' and distillery=12;

update scotch set distillery=13,  meta_critic=8.51, stdev=0.24, super_cluster='EF',  cluster='E' where name='12 Year Old' and distillery=13;
update scotch set distillery=13,  meta_critic=8.37, stdev=0.57, super_cluster='ABC', cluster='C' where name='15 Year Old' and distillery=13;
update scotch set distillery=13,  meta_critic=8.23, stdev=0.71, super_cluster='ABC', cluster='C' where name='Cigar Malt Reserve' and distillery=13;
update scotch set distillery=13,  meta_critic=8.03, stdev=0.38, super_cluster='EF',  cluster='E' where name='Valour' and distillery=13;

update scotch set distillery=14,  meta_critic=8.71, stdev=0.38, super_cluster='GH',  cluster='H' where name='15 Year Old' and distillery=14;

update scotch set distillery=72,  meta_critic=8.06, stdev=0.47, super_cluster='EF',  cluster='F' where name='12 Year Old' and distillery=72;
update scotch set distillery=72,  meta_critic=8.22, stdev=0.49, super_cluster='GH',  cluster='H' where name='Virgin Oak' and distillery=72;

update scotch set distillery=16,  meta_critic=8.26, stdev=0.43, super_cluster='EF',  cluster='E' where name='10 Year Old' and distillery=16;

update scotch set distillery=94,  meta_critic=8.57, stdev=0.4,  super_cluster='I',   cluster='I' where name='Fior' and distillery=94;

update scotch set distillery=194, meta_critic=8.43, stdev=0.25, super_cluster='EF',  cluster='E' where name='12 Year Old' and distillery=194;

update scotch set distillery=55,  meta_critic=8.66, stdev=0.35, super_cluster='EF',  cluster='F' where name='12 Year Old' and distillery=55;
update scotch set distillery=55,  meta_critic=8.96, stdev=0.43, super_cluster='I',   cluster='I' where name='1995' and distillery=55;
update scotch set distillery=55,  meta_critic=8.32, stdev=0.44, super_cluster='GH',  cluster='G' where name='Founder's Reserve' and distillery=55;

update scotch set distillery=17,  meta_critic=8.43, stdev=0.51, super_cluster='GH',  cluster='H' where name='10 Year Old' and distillery=17;
update scotch set distillery=17,  meta_critic=7.79, stdev=0.52, super_cluster='GH',  cluster='G' where name='12 Year Old' and distillery=17;

update scotch set distillery=18,  meta_critic=7.96, stdev=0.24, super_cluster='GH',  cluster='G' where name='Classic' and distillery=18;

update scotch set distillery=160, meta_critic=8.33, stdev=0.13, super_cluster='EF',  cluster='E' where name='Singleton of Glen Ord 12 Year Old' and distillery=160;

update scotch set distillery=84,  meta_critic=8.22, stdev=0.59, super_cluster='I',   cluster='I' where name='12 Year Old' and distillery=84;

update scotch set distillery=128, meta_critic=8.61, stdev=0.23, super_cluster='ABC', cluster='A' where name='12yo Original' and distillery=128;
update scotch set distillery=128, meta_critic=8.94, stdev=0.16, super_cluster='ABC', cluster='A' where name='12yo Sauternes Cask Finish' and distillery=128;
update scotch set distillery=128, meta_critic=8.39, stdev=0.4,  super_cluster='ABC', cluster='A' where name='14yo Sauternes Cask Finish' and distillery=128;
update scotch set distillery=128, meta_critic=8.52, stdev=0.35, super_cluster='GH',  cluster='G' where name='14yo Virgin Oak' and distillery=128;
update scotch set distillery=128, meta_critic=8.95, stdev=0.33, super_cluster='ABC', cluster='A' where name='15yo Revival' and distillery=128;
update scotch set distillery=128, meta_critic=8.71, stdev=0.44, super_cluster='ABC', cluster='A' where name='18yo Allardice' and distillery=128;
update scotch set distillery=128, meta_critic=8.6,  stdev=0.44, super_cluster='ABC', cluster='A' where name='18yo Tawny Port Finish' and distillery=128;
update scotch set distillery=128, meta_critic=8.47, stdev=0.39, super_cluster='EF',  cluster='E' where name='8yo The Hielan' and distillery=128;
update scotch set distillery=128, meta_critic=9.07, stdev=0.18, super_cluster='ABC', cluster='A' where name='Cask Strength (all four batches)' and distillery=128;
update scotch set distillery=128, meta_critic=8.36, stdev=0.23, super_cluster='I',   cluster='I' where name='Peated' and distillery=128;

update scotch set distillery=20,  meta_critic=8.77, stdev=0.38, super_cluster='ABC', cluster='C' where name='105 (NAS)' and distillery=20;
update scotch set distillery=20,  meta_critic=8.36, stdev=0.37, super_cluster='ABC', cluster='B' where name='10 Year Old' and distillery=20;
update scotch set distillery=20,  meta_critic=8.63, stdev=0.39, super_cluster='ABC', cluster='C' where name='12 Year Old' and distillery=20;
update scotch set distillery=20,  meta_critic=8.68, stdev=0.28, super_cluster='ABC', cluster='B' where name='15 Year Old' and distillery=20;
update scotch set distillery=20,  meta_critic=8.76, stdev=0.28, super_cluster='ABC', cluster='B' where name='17 Year Old' and distillery=20;
update scotch set distillery=20,  meta_critic=8.61, stdev=0.37, super_cluster='ABC', cluster='B' where name='21 Year Old' and distillery=20;
update scotch set distillery=20,  meta_critic=8.73, stdev=0.32, super_cluster='ABC', cluster='C' where name='25 Year Old' and distillery=20;
update scotch set distillery=20,  meta_critic=9.3,  stdev=0.33, super_cluster='ABC', cluster='A' where name='40 Year Old' and distillery=20;

update scotch set distillery=21,  meta_critic=8.08, stdev=0.26, super_cluster='GH',  cluster='G' where name='12 Year Old' and distillery=21;
update scotch set distillery=21,  meta_critic=8.71, stdev=0.31, super_cluster='EF',  cluster='E' where name='14yo Rich Oak' and distillery=21;
update scotch set distillery=21,  meta_critic=8.77, stdev=0.34, super_cluster='EF',  cluster='E' where name='15yo Distillers Edition' and distillery=21;
update scotch set distillery=21,  meta_critic=8.6,  stdev=0.26, super_cluster='ABC', cluster='A' where name='15yo Solera' and distillery=21;
update scotch set distillery=21,  meta_critic=8.58, stdev=0.45, super_cluster='EF',  cluster='E' where name='18 Year Old' and distillery=21;
update scotch set distillery=21,  meta_critic=8.41, stdev=0.54, super_cluster='GH',  cluster='G' where name='1963 Original Malt' and distillery=21;
update scotch set distillery=21,  meta_critic=8.81, stdev=0.37, super_cluster='EF',  cluster='E' where name='19yo Age of Discovery (Bourbon Cask)' and distillery=21;
update scotch set distillery=21,  meta_critic=8.41, stdev=0.38, super_cluster='ABC', cluster='A' where name='19yo Age of Discovery (Madeira Cask)' and distillery=21;
update scotch set distillery=21,  meta_critic=8.74, stdev=0.33, super_cluster='ABC', cluster='C' where name='21yo Gran Reserva' and distillery=21;
update scotch set distillery=21,  meta_critic=8.74, stdev=0.51, super_cluster='GH',  cluster='G' where name='26yo Excellence' and distillery=21;
update scotch set distillery=21,  meta_critic=8.79, stdev=0.27, super_cluster='EF',  cluster='F' where name='Cask of Dreams' and distillery=21;
update scotch set distillery=21,  meta_critic=8.3,  stdev=0.33, super_cluster='ABC', cluster='A' where name='Malt Master's Edition' and distillery=21;

update scotch set distillery=83,  meta_critic=8.54, stdev=0.56, super_cluster='ABC', cluster='A' where name='26 Year Old' and distillery=83;

update scotch set distillery=22,  meta_critic=8.23, stdev=0.36, super_cluster='GH',  cluster='G' where name='10 Year Old' and distillery=22;
update scotch set distillery=22,  meta_critic=8.53, stdev=0.43, super_cluster='ABC', cluster='B' where name='12 Year Old' and distillery=22;
update scotch set distillery=22,  meta_critic=8.53, stdev=0.4,  super_cluster='ABC', cluster='B' where name='12yo Cask Strength' and distillery=22;
update scotch set distillery=22,  meta_critic=8.47, stdev=0.53, super_cluster='ABC', cluster='B' where name='15 Year Old' and distillery=22;
update scotch set distillery=22,  meta_critic=8.45, stdev=0.21, super_cluster='EF',  cluster='E' where name='17 Year Old' and distillery=22;
update scotch set distillery=22,  meta_critic=8.58, stdev=0.44, super_cluster='ABC', cluster='C' where name='18 Year Old' and distillery=22;
update scotch set distillery=22,  meta_critic=8.87, stdev=0.23, super_cluster='ABC', cluster='A' where name='21 Year Old' and distillery=22;
update scotch set distillery=22,  meta_critic=8.76, stdev=0.46, super_cluster='ABC', cluster='B' where name='Cask Strength' and distillery=22;

update scotch set distillery=91,  meta_critic=8.42, stdev=0.12, super_cluster='GH',  cluster='G' where name='Work in Progress Kilkerran' and distillery=91;

update scotch set distillery=23,  meta_critic=8.27, stdev=0.19, super_cluster='GH',  cluster='G' where name='12 Year Old' and distillery=23;
update scotch set distillery=23,  meta_critic=8.38, stdev=0.3,  super_cluster='GH',  cluster='B' where name='Distiller's Edition (all editions)' and distillery=23;

update scotch set distillery=24,  meta_critic=8.04, stdev=0.32, super_cluster='EF',  cluster='E' where name='12 Year Old' and distillery=24;
update scotch set distillery=24,  meta_critic=8.39, stdev=0.27, super_cluster='EF',  cluster='F' where name='15yo French Oak' and distillery=24;
update scotch set distillery=24,  meta_critic=8.6,  stdev=0.19, super_cluster='EF',  cluster='E' where name='18 Year Old' and distillery=24;
update scotch set distillery=24,  meta_critic=8.88, stdev=0.33, super_cluster='EF',  cluster='E' where name='21yo Archive (all batches)' and distillery=24;
update scotch set distillery=24,  meta_critic=7.94, stdev=0.47, super_cluster='EF',  cluster='E' where name='Founder's Reserve' and distillery=24;
update scotch set distillery=24,  meta_critic=8.89, stdev=0.19, super_cluster='ABC', cluster='C' where name='Nadurra 16 Year Old' and distillery=24;
update scotch set distillery=24,  meta_critic=9.08, stdev=0.27, super_cluster='EF',  cluster='E' where name='Nadurra First Fill (White Oak)' and distillery=24;
update scotch set distillery=24,  meta_critic=8.18, stdev=0.66, super_cluster='ABC', cluster='A' where name='Nadurra Oloroso' and distillery=24;
update scotch set distillery=24,  meta_critic=8.96, stdev=0.21, super_cluster='ABC', cluster='C' where name='XXV 25 Year Old' and distillery=24;

update scotch set distillery=25,  meta_critic=8.49, stdev=0.49, super_cluster='GH',  cluster='G' where name='10yo Original' and distillery=25;
update scotch set distillery=25,  meta_critic=8.67, stdev=0.23, super_cluster='EF',  cluster='E' where name='18yo Extremely Rare' and distillery=25;
update scotch set distillery=25,  meta_critic=8.8,  stdev=0.46, super_cluster='ABC', cluster='C' where name='Dornoch' and distillery=25;
update scotch set distillery=25,  meta_critic=8.59, stdev=0.3,  super_cluster='ABC', cluster='C' where name='Duthac' and distillery=25;
update scotch set distillery=25,  meta_critic=8.89, stdev=0.34, super_cluster='EF',  cluster='F' where name='Ealanta' and distillery=25;
update scotch set distillery=25,  meta_critic=8.44, stdev=0.34, super_cluster='ABC', cluster='A' where name='Lasanta' and distillery=25;
update scotch set distillery=25,  meta_critic=8.47, stdev=0.55, super_cluster='ABC', cluster='A' where name='Milsean' and distillery=25;
update scotch set distillery=25,  meta_critic=8.84, stdev=0.3,  super_cluster='ABC', cluster='A' where name='Nectar d'Or' and distillery=25;
update scotch set distillery=25,  meta_critic=8.58, stdev=0.53, super_cluster='ABC', cluster='B' where name='Quinta Ruban' and distillery=25;
update scotch set distillery=25,  meta_critic=8.97, stdev=0.4,  super_cluster='ABC', cluster='C' where name='Signet' and distillery=25;
update scotch set distillery=25,  meta_critic=8.67, stdev=0.33, super_cluster='ABC', cluster='C' where name='Taghta' and distillery=25;
update scotch set distillery=25,  meta_critic=8.88, stdev=0.35, super_cluster='GH',  cluster='G' where name='Tusail' and distillery=25;

update scotch set distillery=43,  meta_critic=7.93, stdev=0.33, super_cluster='EF',  cluster='E' where name='Select Reserve' and distillery=43;
update scotch set distillery=43,  meta_critic=8.08, stdev=0.87, super_cluster='ABC', cluster='A' where name='Sherry Cask Reserve' and distillery=43;
update scotch set distillery=43,  meta_critic=8.63, stdev=0.28, super_cluster='EF',  cluster='E' where name='Vintage 1995 (2011/2012/2014 bottlings)' and distillery=43;
update scotch set distillery=43,  meta_critic=8.32, stdev=0.64, super_cluster='EF',  cluster='F' where name='Vintage 1998 (2014)' and distillery=43;
update scotch set distillery=43,  meta_critic=8.68, stdev=0.28, super_cluster='EF',  cluster='E' where name='Vintage Reserve (NAS)' and distillery=43;

update scotch set distillery=56,  meta_critic=8.43, stdev=0.27, super_cluster='ABC', cluster='B' where name='1991 18yo (Gordon & MacPhail)' and distillery=56;

update scotch set distillery=140, meta_critic=8.17, stdev=0.51, super_cluster='GH',  cluster='G' where name='10 Year Old' and distillery=140;

update scotch set distillery=41,  meta_critic=8.67, stdev=0.22, super_cluster='ABC', cluster='C' where name='Hazelburn 12yo (Springbank)' and distillery=41;
update scotch set distillery=41,  meta_critic=8.42, stdev=0.37, super_cluster='GH',  cluster='G' where name='Hazelburn 8yo (Springbank)' and distillery=41;

update scotch set distillery=26,  meta_critic=8.54, stdev=0.3,  super_cluster='I',   cluster='I' where name='10 Year Old' and distillery=26;
update scotch set distillery=26,  meta_critic=8.68, stdev=0.23, super_cluster='I',   cluster='I' where name='12yo (all reviews)' and distillery=26;
update scotch set distillery=26,  meta_critic=8.39, stdev=0.4,  super_cluster='I',   cluster='I' where name='12yo (reviews post-mid 2014)' and distillery=26;
update scotch set distillery=26,  meta_critic=8.83, stdev=0.26, super_cluster='I',   cluster='I' where name='12yo (reviews pre-mid 2014)' and distillery=26;
update scotch set distillery=26,  meta_critic=9.15, stdev=0.3,  super_cluster='ABC', cluster='C' where name='16yo Odin' and distillery=26;
update scotch set distillery=26,  meta_critic=9.17, stdev=0.26, super_cluster='ABC', cluster='C' where name='18 Year Old' and distillery=26;
update scotch set distillery=26,  meta_critic=8.89, stdev=0.41, super_cluster='ABC', cluster='C' where name='21 Year Old' and distillery=26;
update scotch set distillery=26,  meta_critic=9.2   stdev=0.25, super_cluster='ABC', cluster='C' where name='25 Year Old' and distillery=26;
update scotch set distillery=26,  meta_critic=9.06, stdev=0.42, super_cluster='ABC', cluster='C' where name='30 Year Old' and distillery=26;
update scotch set distillery=26,  meta_critic=9.07, stdev=0.39, super_cluster='ABC', cluster='C' where name='40 Year Old' and distillery=26;
update scotch set distillery=26,  meta_critic=8.51, stdev=0.53, super_cluster='ABC', cluster='C' where name='Dark Origins' and distillery=26;
update scotch set distillery=26,  meta_critic=8.33, stdev=0.47, super_cluster='I',   cluster='I' where name='Einar' and distillery=26;
update scotch set distillery=26,  meta_critic=9.09, stdev=0.32, super_cluster='I',   cluster='I' where name='Sigurd' and distillery=26;
update scotch set distillery=26,  meta_critic=8.33, stdev=0.16, super_cluster='GH',  cluster='G' where name='Svein' and distillery=26;

update scotch set distillery=107, meta_critic=8.7   stdev=0.49, super_cluster='GH',  cluster='H' where name='14yo (F&F)' and distillery=107;

update scotch set distillery=27,  meta_critic=8.03, stdev=0.41, super_cluster='I',   cluster='I' where name='10yo Origin' and distillery=27;
update scotch set distillery=27,  meta_critic=8.33, stdev=0.52, super_cluster='ABC', cluster='C' where name='12yo Elixir' and distillery=27;
update scotch set distillery=27,  meta_critic=8.81, stdev=0.24, super_cluster='ABC', cluster='C' where name='Brooklyn' and distillery=27;
update scotch set distillery=27,  meta_critic=8.68, stdev=0.34, super_cluster='J',   cluster='J' where name='Prophecy' and distillery=27;
update scotch set distillery=27,  meta_critic=8.22, stdev=0.49, super_cluster='I',   cluster='I' where name='Superstition' and distillery=27;

update scotch set distillery=89,  meta_critic=8.79, stdev=0.29, super_cluster='J',   cluster='J' where name='100% Islay (all editions)' and distillery=89;
update scotch set distillery=89,  meta_critic=9.06, stdev=0.17, super_cluster='J',   cluster='J' where name='Loch Gorm' and distillery=89;
update scotch set distillery=89,  meta_critic=8.82, stdev=0.27, super_cluster='J',   cluster='J' where name='Machir Bay (2012/2013/2014)' and distillery=89;
update scotch set distillery=89,  meta_critic=8.54, stdev=0.17, super_cluster='J',   cluster='J' where name='Winter 2010 Release' and distillery=89;

update scotch set distillery=29,  meta_critic=9.23, stdev=0.14, super_cluster='J',   cluster='J' where name='12yo Cask Strength' and distillery=29;
update scotch set distillery=29,  meta_critic=9.3   stdev=0.26, super_cluster='J',   cluster='J' where name='16 Year Old' and distillery=29;
update scotch set distillery=29,  meta_critic=9.12, stdev=0.28, super_cluster='J',   cluster='J' where name='Distiller's Edition (All Vintages)' and distillery=29;

update scotch set distillery=30,  meta_critic=8.92, stdev=0.26, super_cluster='J',   cluster='J' where name='10 Year Old' and distillery=30;
update scotch set distillery=30,  meta_critic=9.07, stdev=0.22, super_cluster='J',   cluster='J' where name='10yo Cask Strength (all batches)' and distillery=30;
update scotch set distillery=30,  meta_critic=8.85, stdev=0.32, super_cluster='J',   cluster='J' where name='15yo (200th Anniversary)' and distillery=30;
update scotch set distillery=30,  meta_critic=9.07, stdev=0.3,  super_cluster='J',   cluster='J' where name='18 Year Old' and distillery=30;
update scotch set distillery=30,  meta_critic=9.21, stdev=0.3,  super_cluster='ABC', cluster='C' where name='25 Year Old' and distillery=30;
update scotch set distillery=30,  meta_critic=8.82, stdev=0.52, super_cluster='ABC', cluster='C' where name='Cairdeas 2013 Port Wood' and distillery=30;
update scotch set distillery=30,  meta_critic=9.02, stdev=0.22, super_cluster='J',   cluster='J' where name='Cairdeas 2014 Amontillado' and distillery=30;
update scotch set distillery=30,  meta_critic=9.16, stdev=0.2,  super_cluster='J',   cluster='J' where name='Cairdeas 2015' and distillery=30;
update scotch set distillery=30,  meta_critic=9.1,  stdev=0.22, super_cluster='J',   cluster='J' where name='Quarter Cask	9.1' and distillery=30;

update scotch set distillery=59,  meta_critic=8.22, stdev=0.37, super_cluster='I',   cluster='I' where name='10yo (Tobermory)' and distillery=59;

update scotch set distillery=81,  meta_critic=8.61, stdev=0.37, super_cluster='GH',  cluster='H' where name='12yo (F&F)' and distillery=81;

update scotch set distillery=88	 meta_critic=7.3   stdev=0.46, super_cluster='GH',  cluster='H' where name='Loch Lomond' and distillery=88;

update scotch set distillery=33,  meta_critic=8.69, stdev=0.34, super_cluster='ABC', cluster='C' where name='16 Year Old' and distillery=33;

update scotch set distillery=41,  meta_critic=8.81, stdev=0.26, super_cluster='I',   cluster='I' where name='Longrow Peated (NAS)' and distillery=41;

update scotch set distillery=34,  meta_critic=8.23, stdev=0.33, super_cluster='EF',  cluster='E' where name='10yo Fine Oak' and distillery=34;
update scotch set distillery=34,  meta_critic=8.48, stdev=0.41, super_cluster='GH',  cluster='G' where name='12yo Fine Oak' and distillery=34;
update scotch set distillery=34,  meta_critic=8.35, stdev=0.39, super_cluster='EF',  cluster='E' where name='1824 Amber' and distillery=34;
update scotch set distillery=34,  meta_critic=8.3,  stdev=0.3,  super_cluster='GH',  cluster='G' and distillery=34 and name='1824 Gold';
update scotch set distillery=34,  meta_critic=8.76, stdev=0.46, super_cluster='ABC', cluster='A' where name='1824 Rare Cask' and distillery=34;
update scotch set distillery=34,  meta_critic=8.82, stdev=0.2,  super_cluster='ABC', cluster='A' where name='1824 Ruby' and distillery=34;
update scotch set distillery=34,  meta_critic=8.84, stdev=0.33, super_cluster='ABC', cluster='C' where name='1824 Sienna' and distillery=34;
update scotch set distillery=34,  meta_critic=8.83, stdev=0.33, super_cluster='ABC', cluster='C' where name='18yo Fine Oak' and distillery=34;
update scotch set distillery=34,  meta_critic=8.59, stdev=0.37, super_cluster='ABC', cluster='C' where name='30yo Fine Oak' and distillery=34;

update scotch set distillery=146, meta_critic=8.26, stdev=0.13, super_cluster='GH',  cluster='G' where name='12yo (F&F)' and distillery=146;

update scotch set distillery=76,  meta_critic=8.07, stdev=0.48, super_cluster='EF',  cluster='E' where name='10yo (F&F)' and distillery=76;

update scotch set distillery=36,  meta_critic=8.72, stdev=0.4,  super_cluster='ABC', cluster='C' where name='15yo (Gordon & MacPhail)' and distillery=36;
update scotch set distillery=36,  meta_critic=8.69, stdev=0.32, super_cluster='ABC', cluster='C' where name='16yo (F&F)' and distillery=36;
update scotch set distillery=36,  meta_critic=8.71, stdev=0.73, super_cluster='EF',  cluster='E' where name='18 Year Old' and distillery=36;
update scotch set distillery=36,  meta_critic=8.56, stdev=0.4,  super_cluster='EF',  cluster='E' where name='Rare Old' and distillery=36;
update scotch set distillery=36,  meta_critic=8.74, stdev=0.64, super_cluster='EF',  cluster='E' where name='Special Strength' and distillery=36;

update scotch set distillery=38,  meta_critic=8.43, stdev=0.44, super_cluster='I',   cluster='I' where name='14 Year Old' and distillery=38;
update scotch set distillery=38,  meta_critic=8.51, stdev=0.33, super_cluster='I',   cluster='I' where name='Little Bay' and distillery=38;

update scotch set distillery=39,  meta_critic=8.44, stdev=0.3,  super_cluster='EF',  cluster='E' where name='12 Year Old' and distillery=39;
update scotch set distillery=39,  meta_critic=8.85, stdev=0.29, super_cluster='EF',  cluster='E' where name='17 Year Old' and distillery=39;
update scotch set distillery=39,  meta_critic=8.66, stdev=0.65, super_cluster='GH',  cluster='H' where name='21 Year Old' and distillery=39;
update scotch set distillery=39,  meta_critic=8.42, stdev=0.31, super_cluster='EF',  cluster='E' where name='Navigator' and distillery=39;

update scotch set distillery=117, meta_critic=8.37, stdev=0.56, super_cluster='EF',  cluster='E' where name='12 Year Old' and distillery=117;

update scotch set distillery=151, meta_critic=7.83, stdev=0.32, super_cluster='ABC', cluster='C' where name='12 Year Old' and distillery=151;

update scotch set distillery=99,  meta_critic=8.27, stdev=0.29, super_cluster='EF',  cluster='E' where name='16 Year Old' and distillery=99;
update scotch set distillery=99,  meta_critic=7.63, stdev=0.11, super_cluster='EF',  cluster='E' where name='Skiren' and distillery=99;

update scotch set distillery=40,  meta_critic=8.01, stdev=0.33, super_cluster='GH',  cluster='H' where name='10 Year Old' and distillery=40;

update scotch set distillery=58,  meta_critic=7.65, stdev=0.71, super_cluster='EF',  cluster='E' where name='10 Year Old' and distillery=58;
update scotch set distillery=58,  meta_critic=7.82, stdev=0.65, super_cluster='GH',  cluster='H' where name='12 Year Old' and distillery=58;

update scotch set distillery=41,  meta_critic=8.69, stdev=0.28, super_cluster='I',   cluster='I' where name='10 Year Old' and distillery=41;
update scotch set distillery=41,  meta_critic=8.86, stdev=0.31, super_cluster='ABC', cluster='C' where name='12yo Cask Strength' and distillery=41;
update scotch set distillery=41,  meta_critic=8.74, stdev=0.26, super_cluster='ABC', cluster='C' where name='15 Year Old' and distillery=41;
update scotch set distillery=41,  meta_critic=8.97, stdev=0.2,  super_cluster='I',   cluster='I' where name='18 Year Old' and distillery=41;

update scotch set distillery=71,  meta_critic=8.27, stdev=0.28, super_cluster='EF',  cluster='E' where name='12 Year Old' and distillery=71;

update scotch set distillery=101, meta_critic=8.36, stdev=0.3,  super_cluster='GH',  cluster='G' where name='12 Year Old' and distillery=101;
update scotch set distillery=101, meta_critic=8.84, stdev=0.44, super_cluster='EF',  cluster='E' where name='25 Year Old' and distillery=101;

update scotch set distillery=42,  meta_critic=8.92, stdev=0.22, super_cluster='I',   cluster='I' where name='10 Year Old' and distillery=42;
update scotch set distillery=42,  meta_critic=9.25, stdev=0.21, super_cluster='I',   cluster='I' where name='18 Year Old' and distillery=42;
update scotch set distillery=42,  meta_critic=8.95, stdev=0.26, super_cluster='I',   cluster='I' where name='25 Year Old' and distillery=42;
update scotch set distillery=42,  meta_critic=9.01, stdev=0.25, super_cluster='I',   cluster='I' where name='57 North' and distillery=42;
update scotch set distillery=42,  meta_critic=8.78, stdev=0.13, super_cluster='I',   cluster='I' where name='Dark Storm' and distillery=42;
update scotch set distillery=42,  meta_critic=8.92, stdev=0.29, super_cluster='I',   cluster='I' where name='Distiller's Edition (all editions)' and distillery=42;
update scotch set distillery=42,  meta_critic=8.55, stdev=0.45, super_cluster='ABC', cluster='C' where name='Port Ruighe' and distillery=42;
update scotch set distillery=42,  meta_critic=8.45, stdev=0.3,  super_cluster='GH',  cluster='G' where name='Skye' and distillery=42;
update scotch set distillery=42,  meta_critic=8.64, stdev=0.29, super_cluster='I',   cluster='I' where name='Storm' and distillery=42;

update scotch set distillery=102, meta_critic=8.21, stdev=0.73, super_cluster='GH',  cluster='H' where name='10 Year Old' and distillery=102;

update scotch set distillery=153, meta_critic=7.62, stdev=0.93, super_cluster='GH',  cluster='H' where name='12 Year Old' and distillery=153;

update scotch set distillery=66,  meta_critic=8.13, stdev=0.18, super_cluster='EF',  cluster='F' where name='10yo (F&F)' and distillery=66;

update scotch set distillery=59,  meta_critic=8.21, stdev=0.46, super_cluster='EF',  cluster='F' where name='10 Year Old' and distillery=59;
update scotch set distillery=59,  meta_critic=8.53, stdev=0.37, super_cluster='ABC', cluster='C' where name='15 Year Old' and distillery=59;

update scotch set distillery=44,  meta_critic=7.83, stdev=0.65, super_cluster='EF',  cluster='E' where name='12 Year Old' and distillery=44;
update scotch set distillery=44,  meta_critic=8.64, stdev=0.44, super_cluster='ABC', cluster='C' where name='14yo Portwood' and distillery=44;
update scotch set distillery=44,  meta_critic=8.33, stdev=0.14, super_cluster='EF',  cluster='E' where name='15 Year Old' and distillery=44;
update scotch set distillery=44,  meta_critic=8.68, stdev=0.23, super_cluster='ABC', cluster='C' where name='18 Year Old' and distillery=44;
update scotch set distillery=44,  meta_critic=8.09, stdev=0.33, super_cluster='GH',  cluster='H' where name='Cu Bocan' and distillery=44;
update scotch set distillery=44,  meta_critic=8.95, stdev=0.33, super_cluster='I',   cluster='I' where name='Cu Bocan 1989 Limited Edition' and distillery=44;
update scotch set distillery=44,  meta_critic=8.39, stdev=0.37, super_cluster='ABC', cluster='C' where name='Cu Bocan Sherry Edition' and distillery=44;
update scotch set distillery=44,  meta_critic=8.52, stdev=0.49, super_cluster='GH',  cluster='H' where name='Cu Bocan Virgin Oak Edition' and distillery=44;
update scotch set distillery=44,  meta_critic=8.26, stdev=0.48, super_cluster='GH',  cluster='G' where name='Legacy' and distillery=44;

update scotch set distillery=45,  meta_critic=7.87, stdev=0.3,  super_cluster='GH',  cluster='G' where name='10 Year Old' and distillery=45;
update scotch set distillery=45,  meta_critic=8.28, stdev=0.6,  super_cluster='EF',  cluster='E' where name='12yo Oloroso Sherry' and distillery=45;
update scotch set distillery=45,  meta_critic=8.43, stdev=0.48, super_cluster='GH',  cluster='G' where name='16 Year Old' and distillery=45;
update scotch set distillery=45,  meta_critic=7.96, stdev=0.79, super_cluster='J',   cluster='J' where name='Peaty Tang' and distillery=45;

update scotch set distillery=154, meta_critic=7.83, stdev=0.4,  super_cluster='GH',  cluster='G' where name='12 Year Old' and distillery=154;
update scotch set distillery=154, meta_critic=8.05, stdev=0.28, super_cluster='GH',  cluster='G' where name='14 Year Old' and distillery=154;

update scotch set distillery=103, meta_critic=7.98, stdev=0.38, super_cluster='ABC', cluster='B' where name='1993 Port' and distillery=103;
update scotch set distillery=103, meta_critic=8.25, stdev=0.37, super_cluster='EF',  cluster='E' where name='1993 Sauternes' and distillery=103;
update scotch set distillery=103, meta_critic=8.68, stdev=0.32, super_cluster='GH',  cluster='G' where name='20 Year Old' and distillery=103;
update scotch set distillery=103, meta_critic=8.41, stdev=0.47, super_cluster='EF',  cluster='E' where name='225 Sauternes Finish' and distillery=103;
update scotch set distillery=103, meta_critic=8.17, stdev=0.46, super_cluster='GH',  cluster='G' where name='Aged Oak Edition' and distillery=103;
update scotch set distillery=103, meta_critic=8.3,  stdev=0.5,  super_cluster='GH',  cluster='G' where name='Vintage 1993' and distillery=103;

update scotch set distillery=165, meta_critic=8.0,  stdev=0.56, super_cluster='GH',  cluster='H' where name='12yo (F&F)' and distillery=165;

update scotch set distillery=109, meta_critic=8.0,  stdev=0.61, super_cluster='EF',  cluster='E' where name='Singleton of Dufftown 12 Year Old' and distillery=109;

update scotch set distillery=3,   meta_critic=9.0,  stdev=0.31, super_cluster='J',   cluster='J' where name='Auriverdes' and distillery=3;
